flight_number,departure_airport,arrival_airport,departure_date,arrival_date,departure_time,arrival_time,airline,passenger_count,flight_duration
2028,DCT,USH,9/8/2022,7/11/2022,6:36 AM,11:43 AM,American,49,11
8168,LDB,TDS,10/18/2022,7/12/2022,2:53 AM,6:03 PM,United,78,5
2176,DJR,TNU,2/1/2022,7/19/2022,2:25 PM,3:21 PM,United,193,13
4865,IRE,DUB,7/25/2022,5/21/2022,11:53 PM,11:14 AM,United,283,15
5374,RBB,BEU,8/6/2022,8/24/2022,9:38 PM,5:28 PM,United,177,1
5477,KYZ,HJR,2/1/2022,4/1/2022,3:11 AM,6:42 PM,Delta,97,4
1368,NEK,IDB,4/12/2022,4/4/2022,4:26 AM,2:44 AM,American,310,14
8807,MTS,YGT,4/9/2022,12/9/2022,3:14 AM,6:53 PM,American,105,16
621,SWB,RZA,8/31/2022,11/28/2022,12:52 AM,4:19 AM,American,80,19
8713,SUV,YPM,4/18/2022,7/14/2022,10:29 PM,7:13 AM,United,28,17
4060,BCE,AGS,1/24/2022,11/5/2022,2:29 PM,6:05 PM,American,371,3
1353,ESW,NTL,11/24/2022,8/1/2022,3:28 PM,6:43 AM,United,353,15
4273,REW,GBU,7/3/2022,10/9/2022,3:21 PM,2:23 AM,United,76,9
976,UGU,CWE,8/22/2022,6/30/2022,10:49 PM,4:40 PM,American,29,24
9851,RAW,SER,12/17/2022,2/19/2022,1:50 PM,11:20 PM,United,62,12
200,LKC,CPA,6/15/2022,1/8/2022,11:58 AM,9:34 AM,American,374,8
4812,ZGR,KAU,2/15/2022,4/16/2022,2:15 AM,4:22 AM,American,259,20
5008,GTT,LVK,2/28/2022,3/17/2022,8:08 AM,12:29 PM,Delta,427,17
4750,PPV,BYO,5/14/2022,4/16/2022,10:15 PM,8:51 PM,Delta,208,4
745,WTO,ODL,7/14/2022,11/30/2022,9:56 AM,6:16 PM,United,428,14
9964,MFF,BST,1/2/2022,3/11/2022,11:42 PM,6:16 PM,American,250,1
4651,SUM,AVG,12/18/2022,3/27/2022,8:08 PM,6:36 PM,United,96,24
9038,PAL,PGU,8/7/2022,10/31/2022,12:14 AM,8:46 PM,American,157,24
2261,CBR,PGZ,11/2/2022,7/22/2022,6:50 AM,12:19 AM,American,216,23
7505,BEO,SIZ,11/14/2022,10/28/2022,8:48 AM,1:20 AM,Delta,364,10
505,RGS,PBV,2/26/2022,3/14/2022,9:37 PM,3:59 PM,American,128,6
2130,CSD,CEM,9/26/2022,2/28/2022,1:00 PM,6:10 PM,Delta,302,13
3960,NFG,DIE,4/28/2022,8/29/2022,12:24 AM,4:17 AM,Delta,236,10
8107,GNN,WVI,7/22/2022,5/3/2022,6:55 AM,12:06 PM,United,148,23
6293,YPI,WRA,3/11/2022,12/24/2022,5:15 AM,9:11 AM,Delta,440,22
4011,ZHI,OMS,3/6/2022,2/22/2022,1:34 PM,6:25 PM,American,272,20
2543,PEQ,AKU,8/5/2022,2/12/2022,1:25 AM,9:06 PM,American,37,9
5897,LOH,HMN,10/23/2022,6/16/2022,10:27 AM,3:11 PM,Delta,492,17
3506,GCK,BFX,9/10/2022,5/1/2022,3:59 AM,1:35 AM,United,468,12
769,ABK,NKI,7/18/2022,1/5/2022,1:52 AM,7:08 PM,United,301,4
4189,RQW,SUR,12/7/2022,4/15/2022,10:55 AM,6:24 PM,Delta,132,2
6138,SNS,BWB,1/20/2022,3/23/2022,4:57 PM,2:45 AM,United,227,8
2503,GDT,DJO,4/18/2022,5/19/2022,6:44 PM,8:12 PM,Delta,53,16
9572,XZA,PEA,3/28/2022,6/9/2022,8:26 PM,4:36 AM,Delta,389,17
8982,KKL,AJR,1/6/2022,1/6/2022,11:05 PM,10:29 PM,Delta,318,5
9053,NTX,RNL,11/15/2022,2/5/2022,10:17 PM,2:55 AM,Delta,318,22
5457,DPU,TRD,7/18/2022,4/15/2022,8:20 AM,1:59 PM,Delta,161,13
1556,ZQW,LAJ,7/21/2022,5/14/2022,1:12 PM,10:49 AM,Delta,231,8
7316,PSQ,SBM,3/2/2022,7/26/2022,1:55 AM,1:17 PM,American,165,5
5019,DSM,NJF,6/21/2022,1/10/2022,12:06 PM,6:44 AM,United,61,7
4283,IAO,KRP,1/14/2022,4/23/2022,3:50 AM,12:25 AM,United,178,1
6582,NNT,PCV,11/14/2022,12/4/2022,4:33 PM,3:43 PM,American,220,6
5234,YBV,BGF,5/17/2022,10/28/2022,6:31 AM,2:00 AM,Delta,145,15
5670,WTO,MSE,7/6/2022,5/5/2022,7:04 AM,1:52 PM,American,286,14
2954,MDU,AVR,5/11/2022,7/28/2022,11:42 AM,1:59 PM,American,287,13
4127,HZH,PJG,9/24/2022,7/24/2022,6:34 PM,1:42 PM,United,58,2
2577,CHS,TYG,10/10/2022,1/9/2022,6:59 PM,3:29 PM,United,74,21
1336,KSP,MKN,11/27/2022,9/19/2022,3:47 AM,8:47 PM,American,145,13
8124,TSY,SON,10/14/2022,8/2/2022,2:08 PM,11:31 PM,United,174,1
3474,DIW,LDX,9/4/2022,2/27/2022,5:37 AM,4:34 PM,United,93,17
9951,ANM,THB,10/1/2022,10/23/2022,6:46 AM,9:35 PM,American,389,3
3420,RBJ,BLJ,12/4/2022,4/10/2022,8:09 AM,3:40 PM,American,472,19
4730,HTT,NLH,12/13/2022,3/12/2022,1:11 PM,7:11 AM,Delta,240,4
3042,MUO,HUE,9/13/2022,1/15/2022,8:23 AM,3:15 PM,Delta,213,14
8502,YTM,AKP,10/23/2022,11/28/2022,6:15 AM,4:15 PM,American,463,15
6564,OUK,KDL,7/23/2022,4/25/2022,11:34 AM,4:26 AM,United,31,2
8016,IQM,KYT,8/5/2022,1/3/2022,2:30 PM,12:58 AM,United,369,5
3579,DHN,NNY,3/24/2022,1/3/2022,4:43 PM,3:54 AM,United,371,6
4718,RDN,RZS,10/29/2022,9/18/2022,12:57 AM,9:19 PM,United,221,18
4907,HAR,BAP,7/16/2022,10/29/2022,12:15 AM,8:54 PM,United,476,14
7560,SYH,JCJ,10/27/2022,6/28/2022,7:39 AM,2:16 PM,Delta,150,4
6130,KYK,ATW,12/8/2022,7/18/2022,6:35 AM,2:49 PM,American,295,22
911,TUQ,MSL,7/24/2022,12/14/2022,10:36 PM,2:33 PM,Delta,383,9
4113,EAT,VIN,12/3/2022,11/13/2022,2:20 AM,9:23 AM,United,13,9
6543,HTR,MTT,5/26/2022,4/23/2022,5:52 AM,8:49 PM,Delta,103,1
5247,DPO,YLV,10/25/2022,8/20/2022,4:11 AM,3:09 PM,Delta,484,12
8231,OGM,PDO,6/20/2022,12/9/2022,10:52 PM,6:54 PM,United,110,3
6553,SPC,MPA,9/30/2022,7/26/2022,7:59 AM,6:08 PM,Delta,395,21
9903,LWO,WKJ,7/4/2022,8/3/2022,11:36 PM,7:13 AM,American,391,10
5825,ANO,RRR,5/9/2022,1/26/2022,11:03 AM,8:49 PM,United,198,19
5237,AGA,OHH,8/23/2022,8/14/2022,9:58 PM,4:05 PM,United,459,7
5434,EJT,HUA,4/23/2022,12/6/2022,7:44 PM,10:31 PM,United,53,10
912,MVK,KBJ,9/27/2022,1/31/2022,7:22 AM,6:03 AM,United,485,22
3919,PWT,TVI,6/24/2022,3/21/2022,5:18 AM,1:45 AM,American,23,15
7011,ZUH,BSQ,1/30/2022,12/2/2022,7:13 PM,6:04 AM,United,383,20
9337,TDX,TZX,12/1/2022,12/8/2022,12:44 AM,2:41 PM,American,401,6
721,PXU,GOA,8/25/2022,7/16/2022,12:57 AM,6:43 PM,United,182,9
7288,MDW,HNM,3/30/2022,3/9/2022,3:50 AM,2:49 AM,American,325,23
2859,SWG,CTO,5/13/2022,9/7/2022,2:57 PM,6:09 AM,American,367,6
4901,SSH,DOD,11/10/2022,3/23/2022,9:07 AM,12:18 AM,Delta,459,2
6374,HLA,PSF,5/29/2022,12/24/2022,2:48 PM,11:28 AM,United,444,8
3713,BNF,ALG,12/11/2022,2/7/2022,2:40 PM,11:30 AM,Delta,379,21
7599,TKX,SDV,5/26/2022,4/2/2022,11:34 PM,8:13 PM,Delta,393,13
1238,SKJ,WAO,1/31/2022,10/28/2022,6:10 AM,12:47 PM,United,370,13
8112,BTI,WBG,11/4/2022,9/20/2022,2:47 PM,9:09 AM,United,210,8
1582,PKU,MRC,9/10/2022,6/27/2022,4:04 PM,7:37 PM,Delta,259,20
510,LGA,MUD,3/13/2022,12/23/2022,1:01 AM,2:00 PM,American,177,16
6377,CDR,ASO,1/8/2022,1/9/2022,1:33 AM,2:36 PM,United,52,14
3821,AEP,KYE,5/29/2022,11/4/2022,1:29 PM,2:56 PM,American,93,3
6512,LAL,NYU,9/11/2022,12/17/2022,12:26 AM,2:55 AM,Delta,274,4
1551,NAS,CVM,2/9/2022,6/22/2022,11:12 PM,3:47 PM,Delta,491,17
8666,PHA,USO,2/2/2022,4/4/2022,9:17 AM,4:12 PM,American,449,21
868,SAC,HUA,10/7/2022,4/26/2022,2:58 AM,2:06 PM,American,28,2
6423,PHX,EBU,7/12/2022,6/8/2022,9:56 AM,12:24 PM,Delta,180,23
5687,OZP,PZY,4/8/2022,5/4/2022,1:35 PM,12:34 AM,American,46,16
1582,RPM,QUY,11/29/2022,5/2/2022,6:49 AM,7:38 PM,Delta,302,7
7170,APF,GLU,2/18/2022,8/19/2022,4:11 PM,8:38 AM,American,61,11
2201,RIC,LVM,5/28/2022,7/6/2022,9:37 AM,8:03 PM,Delta,486,2
6836,DOC,QCU,11/5/2022,6/13/2022,7:11 PM,9:28 PM,American,164,5
2278,PGX,RBD,6/12/2022,11/18/2022,1:10 AM,6:46 PM,American,236,21
8477,AUS,YHH,8/25/2022,9/17/2022,8:59 PM,7:57 AM,Delta,72,7
3137,LIW,MBM,3/10/2022,12/5/2022,12:42 PM,11:41 PM,American,470,24
9937,KMZ,LLW,6/23/2022,6/6/2022,5:34 PM,1:47 AM,United,328,4
9472,MEM,YQC,9/16/2022,4/23/2022,10:53 AM,9:16 AM,United,155,20
6469,OUL,BRK,6/2/2022,7/8/2022,1:38 PM,6:30 AM,United,55,13
2256,LNO,OYO,3/12/2022,2/26/2022,6:07 AM,1:51 PM,American,441,5
6887,MNS,FRY,8/30/2022,10/1/2022,4:54 PM,1:48 AM,American,117,3
4353,TUI,YUM,6/17/2022,6/24/2022,10:25 PM,2:21 AM,United,482,4
9974,SBM,INX,8/11/2022,12/7/2022,5:02 PM,2:46 PM,United,479,7
7583,PFB,NYO,11/5/2022,3/28/2022,9:30 PM,2:49 AM,United,33,6
4991,YKA,YZH,6/4/2022,3/9/2022,4:42 PM,6:02 PM,Delta,391,17
2692,KHN,PMX,11/15/2022,2/24/2022,4:45 AM,2:16 AM,American,486,16
7230,0,SHW,11/13/2022,2/2/2022,5:09 AM,5:26 PM,American,69,2
6010,ADP,DUE,11/12/2022,4/2/2022,12:49 AM,12:46 PM,American,6,12
6782,NVA,CYU,12/21/2022,8/10/2022,11:40 PM,4:37 AM,United,134,11
6257,STS,LRO,4/6/2022,4/8/2022,6:31 PM,4:15 PM,Delta,191,1
7669,YDC,BTA,4/13/2022,7/3/2022,11:38 PM,10:30 AM,United,285,3
9503,NUE,ERQ,3/18/2022,9/27/2022,7:14 AM,11:29 AM,United,341,7
3059,BFA,TXR,6/25/2022,2/18/2022,12:12 PM,1:57 PM,American,440,17
9267,LOU,KXU,5/23/2022,1/7/2022,2:14 AM,12:24 PM,American,62,5
8934,GDQ,API,4/6/2022,11/3/2022,7:02 PM,8:05 AM,United,297,21
5122,PYY,WIL,7/28/2022,1/1/2022,8:49 PM,7:39 PM,United,362,18
4020,ORU,SNJ,8/2/2022,12/18/2022,12:59 PM,3:38 PM,United,81,15
7923,TNA,NKN,2/17/2022,12/28/2022,5:30 PM,11:07 PM,Delta,160,22
5181,OGA,PYL,12/17/2022,3/8/2022,1:19 PM,11:28 AM,American,218,7
8676,HUD,MRO,5/20/2022,5/5/2022,7:23 PM,2:00 PM,United,269,13
3983,BVW,OTM,11/29/2022,10/15/2022,11:45 PM,4:23 PM,American,181,3
2423,WGC,KKI,7/14/2022,3/29/2022,7:06 PM,8:50 PM,Delta,414,14
1750,HBT,ZSW,9/22/2022,4/25/2022,9:02 PM,5:15 PM,American,413,8
6809,MMQ,PMD,11/16/2022,11/16/2022,1:23 AM,12:51 PM,American,390,3
883,MXR,EUA,11/2/2022,4/16/2022,8:54 PM,9:15 PM,American,213,20
4684,KBN,TUS,1/22/2022,4/23/2022,9:12 AM,6:49 AM,American,247,22
7517,KRL,TLM,11/18/2022,3/23/2022,6:12 PM,12:17 AM,Delta,361,9
399,LDB,BBU,6/14/2022,11/1/2022,8:36 PM,1:24 PM,American,53,19
2273,KNJ,OMF,8/5/2022,10/20/2022,4:13 PM,6:44 AM,United,308,5
215,HUX,FKB,3/18/2022,11/11/2022,10:04 AM,5:59 AM,United,149,20
2070,LCY,NAZ,5/24/2022,8/27/2022,2:31 AM,10:39 PM,Delta,423,5
8529,HND,AII,8/13/2022,4/4/2022,6:09 PM,6:40 PM,United,455,19
6375,ROL,MXZ,3/26/2022,3/26/2022,6:41 PM,10:16 PM,American,302,24
9458,KDW,TNZ,10/15/2022,4/4/2022,2:19 PM,1:17 AM,United,442,5
1334,MMZ,MIZ,5/1/2022,2/10/2022,6:04 PM,10:20 PM,United,316,8
6103,EGC,CGA,11/21/2022,5/22/2022,5:16 PM,8:31 AM,United,85,19
9144,PRK,JCH,10/30/2022,1/20/2022,6:40 PM,10:12 AM,Delta,72,1
4839,BAX,YFE,5/8/2022,10/12/2022,10:02 AM,1:05 AM,American,429,23
396,SLN,VLE,1/5/2022,7/27/2022,6:29 AM,2:53 AM,United,301,2
9671,PDT,KDW,9/27/2022,8/26/2022,3:05 AM,3:49 PM,Delta,124,24
8308,NUF,BKD,12/11/2022,6/20/2022,12:00 AM,12:39 PM,American,174,11
7692,OLN,YNH,5/2/2022,10/26/2022,1:52 AM,10:35 PM,American,368,5
5478,SZQ,HND,4/15/2022,9/17/2022,11:35 PM,3:05 AM,Delta,63,6
3437,WUI,0,12/14/2022,12/5/2022,2:47 AM,3:50 AM,United,291,7
2668,KJI,POX,3/19/2022,8/6/2022,10:48 AM,6:03 AM,United,266,23
1657,YXL,LZH,5/29/2022,4/18/2022,9:45 AM,8:22 AM,Delta,222,14
4714,VUU,KQT,4/6/2022,4/13/2022,9:50 PM,4:54 AM,United,133,19
1878,BKH,CAP,2/3/2022,3/16/2022,9:36 PM,3:41 PM,Delta,67,22
8111,LZC,JST,3/27/2022,2/9/2022,6:45 PM,2:02 AM,Delta,130,19
881,IFO,YJP,7/17/2022,7/7/2022,8:11 AM,12:06 PM,American,302,6
9269,FCY,MZA,5/18/2022,8/24/2022,1:23 PM,2:45 PM,United,388,24
9349,CAW,TBG,11/4/2022,3/17/2022,9:43 PM,1:46 PM,United,369,15
6424,BDP,NOG,7/12/2022,9/25/2022,8:04 PM,8:09 AM,American,10,19
7772,BR-,TSC,6/8/2022,4/4/2022,10:25 AM,5:14 AM,American,437,5
8465,PQQ,LMO,9/19/2022,2/19/2022,2:44 PM,8:56 AM,United,404,15
4403,KOZ,KXR,3/5/2022,5/6/2022,1:39 PM,7:26 AM,United,138,13
8788,LRS,DZI,10/5/2022,12/22/2022,10:45 AM,10:50 AM,American,5,5
3119,SSY,BSL,2/2/2022,11/22/2022,6:41 AM,3:16 AM,United,182,23
9235,STF,GAT,9/25/2022,11/20/2022,3:48 PM,1:38 AM,American,148,10
7026,MHG,LRR,12/29/2022,6/3/2022,5:27 PM,10:31 PM,American,177,19
1612,HFN,DAM,12/11/2022,1/10/2022,5:48 PM,7:35 AM,Delta,130,2
4389,TPA,BVK,8/26/2022,9/27/2022,3:15 AM,3:21 AM,American,393,24
152,KUH,ZWL,3/8/2022,1/20/2022,2:37 PM,4:15 AM,American,85,23
6733,BAJ,YFC,3/8/2022,6/5/2022,12:52 AM,2:17 AM,Delta,441,21
9333,NYR,CLO,4/7/2022,6/22/2022,3:18 AM,1:09 AM,Delta,215,8
7949,BGY,KEG,1/19/2022,1/18/2022,7:37 AM,8:55 AM,United,358,1
5925,OUT,PXL,4/3/2022,9/23/2022,10:48 PM,9:19 AM,American,210,18
9483,RNE,CPO,7/26/2022,1/12/2022,12:36 AM,10:27 PM,Delta,178,6
3933,GUF,TDT,8/25/2022,11/12/2022,10:59 AM,12:03 AM,American,16,24
5261,GEX,LIH,4/5/2022,7/15/2022,3:02 PM,10:11 PM,Delta,494,17
3479,VLD,BNY,11/12/2022,8/25/2022,4:49 AM,3:23 AM,American,434,5
2244,YUL,0,3/29/2022,8/26/2022,10:25 PM,1:47 AM,Delta,380,14
5067,BCM,PKE,11/6/2022,11/23/2022,6:44 AM,12:27 AM,United,164,24
9240,LPE,CNO,9/27/2022,10/30/2022,9:02 AM,5:01 PM,Delta,210,15
9574,CWS,ARQ,4/15/2022,7/25/2022,10:13 AM,8:52 AM,United,490,19
7285,WRE,ISI,4/2/2022,7/12/2022,4:38 PM,8:25 PM,American,186,23
6796,CCI,BAG,3/27/2022,10/2/2022,3:07 PM,4:19 AM,American,126,5
8375,MUO,FMU,3/26/2022,7/16/2022,12:43 PM,9:51 PM,United,82,14
4957,PYO,MUQ,1/3/2022,9/10/2022,6:48 AM,4:14 PM,American,440,19
5072,DDC,RJI,6/21/2022,12/1/2022,2:20 PM,10:30 PM,Delta,335,3
2410,SOB,DGP,1/27/2022,1/14/2022,11:18 PM,1:11 AM,American,141,12
8413,XTL,PRB,7/20/2022,3/28/2022,4:24 AM,6:27 PM,American,33,6
3451,KRK,NBL,1/16/2022,1/26/2022,8:25 PM,4:31 PM,American,168,7
8397,BZL,BUS,7/2/2022,4/15/2022,1:37 AM,2:54 AM,United,277,1
1134,TFN,RLA,10/3/2022,7/13/2022,3:14 AM,4:49 PM,Delta,309,18
7270,WST,DXB,12/1/2022,8/4/2022,5:04 AM,2:50 AM,United,13,18
9124,OYK,YWM,2/4/2022,10/23/2022,2:30 AM,6:40 AM,United,283,16
2961,GBD,IAG,7/6/2022,4/30/2022,5:19 AM,9:53 AM,American,161,23
2683,YNA,IFN,12/20/2022,4/15/2022,10:09 AM,3:48 AM,United,306,9
5360,SSL,LKU,12/22/2022,3/20/2022,11:49 AM,10:18 AM,American,421,5
5855,JST,0,10/5/2022,11/19/2022,4:13 AM,7:20 PM,United,65,19
9449,RVT,PIB,1/31/2022,12/30/2022,9:22 AM,4:55 AM,Delta,144,1
5424,CBJ,TGJ,3/16/2022,12/14/2022,10:24 PM,4:56 PM,Delta,495,1
7660,YYL,IGO,7/22/2022,3/29/2022,4:33 AM,12:20 PM,American,424,9
6486,CRF,CXM,10/26/2022,7/17/2022,8:10 AM,10:19 AM,Delta,263,23
3865,CIA,YXK,7/13/2022,9/4/2022,9:03 AM,10:26 AM,Delta,432,9
4361,GIF,MCE,3/26/2022,3/15/2022,8:58 PM,12:39 PM,Delta,110,10
7316,NNK,WOS,2/25/2022,5/6/2022,3:42 PM,3:08 PM,Delta,123,13
9780,KHE,SBC,12/27/2022,10/30/2022,11:09 AM,4:50 AM,Delta,94,12
1159,MCW,USR,6/14/2022,3/13/2022,3:45 AM,3:01 AM,American,380,14
8546,PHF,DLU,1/15/2022,5/12/2022,4:30 AM,4:16 PM,United,133,21
4258,ELA,RMQ,3/19/2022,4/4/2022,12:53 AM,5:49 PM,Delta,493,15
2026,FLB,CIQ,7/15/2022,5/28/2022,4:44 AM,12:46 AM,Delta,123,14
7670,SNJ,ESF,6/7/2022,9/15/2022,5:15 PM,1:42 AM,United,250,18
2305,SSQ,MHP,10/3/2022,1/30/2022,5:37 AM,5:09 PM,American,208,19
6222,IPU,BKS,12/29/2022,12/8/2022,7:00 PM,12:19 AM,Delta,85,17
3196,GAS,0,12/27/2022,5/13/2022,5:13 AM,9:18 PM,Delta,294,21
9946,CHK,SIJ,1/29/2022,3/11/2022,5:08 PM,12:07 PM,American,162,1
8955,MTX,CCS,11/22/2022,4/20/2022,9:37 PM,4:33 AM,American,430,7
9995,TCM,CFO,6/28/2022,7/9/2022,2:24 AM,12:55 AM,United,178,1
8040,MPW,OGO,3/27/2022,7/23/2022,3:29 AM,7:57 AM,American,256,19
8144,JJI,HFS,5/9/2022,10/5/2022,7:09 AM,11:09 AM,American,189,6
4567,LBV,CDY,8/14/2022,5/14/2022,1:01 AM,8:46 PM,Delta,146,5
4471,CNX,VDB,6/8/2022,10/2/2022,3:18 AM,11:38 AM,United,436,24
2604,CQF,PAS,12/22/2022,3/9/2022,11:01 PM,8:46 PM,United,31,17
2533,FMY,FYJ,12/2/2022,9/8/2022,12:11 AM,3:45 PM,American,309,14
3235,BLQ,YZT,9/27/2022,6/24/2022,7:16 AM,3:17 PM,American,175,18
2905,KBC,SRY,11/9/2022,8/21/2022,4:27 PM,2:42 AM,Delta,339,4
3933,TTN,HCN,5/10/2022,12/5/2022,9:35 AM,6:41 PM,Delta,270,8
3125,KHR,YBE,7/15/2022,9/13/2022,10:31 PM,2:22 AM,Delta,39,12
8410,ZTU,AXU,4/14/2022,9/1/2022,3:44 PM,12:05 AM,American,265,18
9579,TAM,BUF,11/3/2022,1/3/2022,5:21 PM,6:56 PM,Delta,64,24
3946,EFW,SMA,8/24/2022,6/2/2022,3:47 AM,2:26 AM,Delta,388,5
4498,GLB,GAQ,9/3/2022,2/6/2022,4:06 PM,11:28 PM,United,247,7
2549,IRK,MYJ,4/12/2022,6/5/2022,4:08 PM,3:06 AM,United,383,24
427,KNU,AHL,6/2/2022,4/25/2022,5:31 PM,5:54 AM,United,183,17
5955,QGC,HFD,3/7/2022,4/16/2022,3:20 PM,5:15 PM,United,385,24
2188,LYA,RUF,9/11/2022,1/23/2022,2:10 PM,8:11 PM,United,22,16
1136,ZLT,HOD,12/26/2022,5/4/2022,5:38 AM,6:47 PM,Delta,155,18
2533,MVS,EMS,7/8/2022,3/23/2022,12:35 PM,3:55 AM,American,199,9
6876,LBF,OLZ,11/21/2022,6/26/2022,8:58 AM,5:33 AM,United,338,11
3141,CIR,DMB,10/22/2022,7/17/2022,5:38 AM,2:10 AM,United,320,24
4031,PBO,PNB,5/15/2022,3/2/2022,5:47 PM,11:52 AM,Delta,128,8
4057,LID,PKY,8/30/2022,10/23/2022,1:34 PM,2:32 PM,Delta,499,12
8861,SCE,YSL,10/30/2022,6/13/2022,10:06 AM,2:28 AM,Delta,272,18
1331,SVF,MYW,11/9/2022,2/17/2022,5:52 PM,6:10 PM,Delta,223,11
4736,QDC,NBB,6/14/2022,4/19/2022,6:56 AM,6:18 PM,United,336,11
4991,PUM,BGN,5/25/2022,10/21/2022,7:45 PM,10:37 AM,United,426,1
1009,KOQ,MMT,4/1/2022,1/17/2022,2:51 AM,4:24 PM,American,494,14
7060,XBN,TQQ,11/2/2022,6/14/2022,5:02 PM,3:28 PM,United,339,3
1427,LSM,LAJ,9/27/2022,4/19/2022,8:01 PM,8:06 AM,United,344,13
3478,GOP,DIY,6/7/2022,7/1/2022,7:14 PM,5:29 AM,American,413,8
1269,QRC,GPD,1/5/2022,7/27/2022,12:55 PM,5:54 PM,United,228,10
1285,WVI,KOY,1/12/2022,12/20/2022,12:07 PM,12:52 AM,United,360,18
8424,BUW,MEQ,9/24/2022,9/3/2022,11:26 AM,4:19 PM,United,310,7
8371,VHM,LUE,1/1/2022,7/19/2022,4:37 PM,1:45 PM,Delta,375,21
1246,OGR,0,1/28/2022,4/27/2022,10:44 AM,1:21 AM,Delta,117,1
8664,TKY,TKO,6/11/2022,10/11/2022,2:17 PM,8:40 AM,United,183,8
1637,NOJ,QPD,12/13/2022,5/22/2022,2:34 AM,11:46 PM,American,405,9
3003,ODE,MYI,6/7/2022,12/10/2022,7:46 AM,1:27 AM,Delta,82,23
7252,MYY,TVL,7/15/2022,6/11/2022,5:53 PM,6:51 AM,Delta,447,1
415,ZBE,TBY,10/4/2022,8/12/2022,10:23 PM,12:24 PM,American,410,6
5696,ATY,BEK,5/19/2022,5/31/2022,8:34 PM,5:33 AM,American,110,12
1791,TUL,MBI,12/1/2022,8/13/2022,7:49 PM,7:44 PM,Delta,222,9
2419,BKN,SXU,12/3/2022,4/30/2022,12:55 PM,11:18 PM,Delta,439,4
8747,RTC,ZNE,5/29/2022,10/27/2022,2:44 AM,1:42 PM,American,303,13
3886,LVK,TKJ,7/15/2022,12/2/2022,8:22 PM,12:42 AM,United,16,9
1322,GGM,ERF,6/6/2022,8/14/2022,5:51 AM,11:30 PM,United,475,2
6238,DAG,CFO,7/25/2022,4/16/2022,12:23 AM,6:08 PM,Delta,242,8
4303,DIQ,MSC,2/6/2022,1/4/2022,5:53 PM,1:06 PM,United,401,11
6205,YSX,DAC,5/24/2022,4/3/2022,5:47 AM,3:40 AM,United,326,8
774,SAM,PEE,11/29/2022,12/1/2022,6:39 AM,9:43 PM,American,268,3
7223,VBS,RYG,8/26/2022,1/19/2022,6:06 AM,6:10 AM,American,62,9
1732,ESE,LRM,11/1/2022,4/3/2022,2:37 PM,3:39 AM,Delta,13,24
8502,FTX,ARD,2/4/2022,3/19/2022,7:43 PM,6:26 PM,American,423,19
171,TNF,SVP,7/27/2022,6/3/2022,12:48 AM,5:18 AM,American,204,21
8613,RUT,LSZ,7/11/2022,9/6/2022,9:55 PM,11:00 PM,United,118,16
3474,DSV,KPT,2/4/2022,12/3/2022,2:57 AM,1:13 AM,Delta,125,20
9564,LGK,DOA,3/10/2022,10/2/2022,8:29 AM,8:09 PM,Delta,172,7
7417,HCA,CSC,3/8/2022,3/7/2022,5:17 PM,8:58 AM,United,451,15
3599,FUT,CKU,5/25/2022,6/19/2022,9:20 AM,9:01 AM,United,128,10
8784,KBX,XBX,4/15/2022,8/31/2022,10:31 PM,1:25 PM,American,235,9
527,VCP,IKU,9/12/2022,8/15/2022,10:23 PM,5:29 PM,Delta,155,11
344,AIA,MJD,5/2/2022,8/29/2022,7:28 AM,12:33 PM,American,319,6
5235,HBE,WLD,7/22/2022,2/18/2022,2:41 AM,11:46 PM,United,443,8
481,YSJ,ABD,8/25/2022,9/8/2022,4:23 PM,4:36 AM,Delta,396,15
2617,ENC,KRG,7/30/2022,3/14/2022,5:15 PM,12:29 PM,Delta,441,4
5790,YXQ,CRR,8/30/2022,4/19/2022,1:02 PM,4:41 PM,American,456,20
967,CWJ,WAC,5/1/2022,2/22/2022,1:29 PM,10:48 PM,Delta,422,6
3270,HNH,SIZ,5/24/2022,8/3/2022,6:23 PM,7:02 PM,Delta,111,5
3460,NMA,VRY,6/1/2022,3/13/2022,8:46 AM,3:41 AM,United,251,3
9346,MSS,ATQ,12/4/2022,10/25/2022,2:01 PM,4:46 AM,United,94,15
6182,KSI,EVN,7/1/2022,5/31/2022,4:37 AM,5:36 AM,United,438,19
4744,TLB,AUK,2/25/2022,1/12/2022,10:44 AM,5:52 PM,United,164,12
9962,KCH,ILE,8/23/2022,11/17/2022,8:22 PM,9:05 PM,Delta,327,8
6456,MTZ,CGR,6/4/2022,1/6/2022,10:46 PM,1:03 AM,United,45,19
3357,KRB,BLI,3/11/2022,9/15/2022,7:24 AM,6:08 AM,United,431,22
5590,QDC,RRV,1/10/2022,2/27/2022,3:49 PM,9:20 PM,American,110,12
4708,OTV,BGZ,1/31/2022,9/25/2022,9:24 AM,11:01 PM,United,210,23
1913,TOO,MER,6/13/2022,3/6/2022,6:44 PM,12:52 AM,American,207,20
665,BXS,NUS,4/23/2022,12/16/2022,5:07 PM,11:53 PM,American,12,11
1328,GCC,YVE,11/26/2022,5/6/2022,7:20 AM,5:25 PM,United,110,6
6535,WMI,EUM,10/11/2022,9/12/2022,7:21 PM,7:22 AM,United,192,16
1032,BKO,JCY,10/12/2022,8/3/2022,9:58 PM,5:49 AM,American,280,23
6681,PMN,YCM,10/28/2022,6/14/2022,5:21 PM,7:57 PM,American,93,14
9539,OCS,GKK,3/4/2022,6/7/2022,6:00 AM,7:55 AM,Delta,298,3
3766,YCT,GDL,8/26/2022,2/13/2022,10:20 AM,3:57 PM,Delta,95,19
8564,NOA,ZAD,11/30/2022,12/8/2022,6:04 PM,11:30 PM,Delta,18,23
9313,GBC,LOQ,7/18/2022,1/20/2022,9:23 PM,11:11 AM,Delta,65,11
7443,AFS,UCC,1/12/2022,9/12/2022,5:24 PM,6:38 PM,United,97,19
5797,TZL,RAT,1/30/2022,10/21/2022,10:47 PM,4:36 PM,Delta,239,20
9449,EXT,CTL,11/27/2022,3/23/2022,3:22 AM,9:37 PM,Delta,67,6
9697,CIP,GVA,7/4/2022,12/29/2022,1:45 PM,11:49 AM,American,371,24
4748,RIW,KOW,2/25/2022,2/7/2022,5:36 AM,7:02 PM,United,43,16
3347,BXE,MEF,12/3/2022,9/24/2022,7:55 AM,12:58 PM,United,355,11
4650,ZIH,TRO,5/18/2022,3/4/2022,7:27 AM,10:29 PM,American,140,1
7740,MQB,AML,4/13/2022,9/28/2022,8:15 AM,8:39 AM,United,366,2
3768,AVI,CHX,7/30/2022,9/30/2022,3:10 PM,11:57 AM,United,245,23
6116,LLM,OHB,4/29/2022,12/17/2022,2:29 AM,10:51 AM,Delta,77,15
3305,MJL,BAH,10/15/2022,10/6/2022,3:04 AM,5:58 PM,United,151,10
275,ZPB,SYZ,5/27/2022,2/19/2022,7:32 AM,2:34 AM,Delta,178,18
8463,BXH,YBS,1/3/2022,5/19/2022,4:06 AM,6:55 PM,Delta,148,11
8781,YEQ,VRO,9/2/2022,7/27/2022,1:57 PM,11:26 PM,United,319,11
3756,GRX,MXW,11/28/2022,7/21/2022,2:52 PM,3:57 AM,American,223,9
6859,NCE,CHO,11/25/2022,1/25/2022,6:19 PM,6:58 PM,United,385,4
6951,MCX,CRY,11/2/2022,8/17/2022,1:00 AM,2:18 AM,United,50,17
6605,CWE,ZKL,5/6/2022,2/16/2022,2:08 AM,6:17 PM,American,17,5
7170,CVR,NGB,5/17/2022,2/24/2022,5:15 AM,5:25 AM,United,142,13
4586,MDA,CUH,6/27/2022,6/23/2022,12:19 AM,11:32 PM,American,466,3
1822,ATX,CBR,11/4/2022,2/16/2022,9:00 PM,4:24 PM,United,16,15
5504,YCV,AIY,8/3/2022,9/27/2022,12:12 PM,10:44 AM,Delta,497,18
7356,YGZ,CRU,2/10/2022,10/11/2022,6:27 PM,12:02 AM,Delta,309,15
3214,MCN,BZI,12/27/2022,4/29/2022,10:01 PM,9:11 AM,United,86,17
3531,ZAG,BFT,8/15/2022,4/17/2022,5:37 PM,12:35 AM,American,191,23
9024,RDO,CAR,7/4/2022,10/10/2022,6:09 PM,10:43 PM,Delta,446,19
6128,VIA,PFO,3/14/2022,2/9/2022,10:29 PM,7:29 PM,United,186,1
3216,BZN,BWH,10/3/2022,6/4/2022,8:02 PM,10:08 PM,Delta,71,21
3678,SIT,YRM,8/19/2022,6/16/2022,4:53 AM,1:58 PM,United,465,19
5436,LDH,IBP,12/3/2022,8/30/2022,10:43 AM,7:33 AM,Delta,301,12
554,YGQ,ZQZ,12/3/2022,10/29/2022,8:09 PM,1:30 PM,American,122,24
2155,RAA,DLG,10/13/2022,12/27/2022,7:10 AM,3:07 PM,Delta,271,24
4136,RBB,EAR,1/18/2022,10/31/2022,12:22 PM,10:17 PM,American,35,8
3678,PQC,MWK,8/26/2022,8/7/2022,3:37 PM,9:26 PM,United,201,1
5438,QCU,PIK,8/11/2022,3/6/2022,1:03 PM,4:01 AM,United,166,14
7670,SRL,RNO,12/21/2022,2/1/2022,12:21 AM,5:03 AM,American,48,6
2299,CAT,LPJ,11/26/2022,6/2/2022,12:28 AM,7:27 PM,Delta,105,12
5683,KIM,LSA,12/27/2022,1/2/2022,6:26 PM,9:59 PM,American,191,6
6633,AQG,LEK,3/14/2022,10/5/2022,5:03 PM,12:53 AM,Delta,129,21
844,CYX,TBL,2/26/2022,12/24/2022,1:04 AM,7:31 AM,Delta,136,15
5845,JKH,TGO,2/8/2022,9/1/2022,10:47 AM,11:07 PM,American,457,24
3399,OSU,MMJ,4/23/2022,10/28/2022,7:44 AM,9:52 PM,American,28,17
4148,SZN,BES,4/26/2022,1/11/2022,10:54 AM,6:31 PM,American,107,4
2347,BQJ,GBT,7/6/2022,4/27/2022,3:00 AM,1:28 PM,American,22,6
6821,PNR,GXH,9/13/2022,10/1/2022,6:54 PM,2:12 AM,Delta,2,8
9014,LPK,WTB,2/20/2022,9/30/2022,11:12 AM,4:06 AM,Delta,467,23
4117,BZS,BQV,7/22/2022,1/28/2022,7:25 PM,9:39 PM,United,248,12
850,VAP,CSQ,10/30/2022,4/2/2022,12:25 PM,10:41 PM,Delta,26,18
9976,ALB,NUD,1/14/2022,9/22/2022,7:11 AM,12:54 PM,United,410,10
8126,UGA,YSD,10/15/2022,12/9/2022,4:38 AM,8:59 PM,American,106,4
1913,ZQL,CGD,6/28/2022,12/19/2022,5:28 PM,5:10 PM,Delta,65,5
1670,TBC,JNX,2/12/2022,11/7/2022,9:30 PM,4:26 PM,Delta,175,15
3945,LOQ,RKY,4/23/2022,1/1/2022,10:51 AM,11:00 AM,American,348,3
5514,MGF,PNQ,3/12/2022,5/25/2022,5:04 AM,2:31 PM,American,374,14
6216,SZI,RMY,11/22/2022,9/18/2022,6:52 PM,3:26 AM,Delta,488,24
4357,YCO,SZG,12/30/2022,3/27/2022,4:04 AM,1:43 AM,Delta,343,14
4377,NCU,CXP,9/14/2022,8/8/2022,11:38 PM,10:41 PM,Delta,252,4
3069,HDG,XBR,1/13/2022,9/29/2022,10:59 AM,12:21 PM,Delta,270,6
4673,KSJ,HPH,7/4/2022,3/3/2022,3:58 PM,5:24 PM,Delta,319,6
6959,XCL,MPE,4/6/2022,2/8/2022,3:40 PM,6:33 AM,American,284,13
6701,CZT,TKG,8/23/2022,7/29/2022,4:58 AM,6:39 AM,United,263,11
8118,TLR,RWI,8/5/2022,8/17/2022,6:55 PM,3:01 AM,United,78,5
5674,GCK,JCK,9/1/2022,2/13/2022,10:23 AM,4:37 PM,United,309,13
4131,JUR,MKA,7/7/2022,7/28/2022,9:33 AM,3:51 PM,Delta,391,21
3130,DOE,USL,4/13/2022,3/1/2022,8:13 AM,10:56 PM,American,214,9
6566,JKG,BSJ,2/24/2022,3/24/2022,1:37 PM,3:31 PM,American,336,2
3580,AWN,RKU,6/16/2022,10/21/2022,3:40 AM,12:54 AM,American,103,19
5006,KTA,SOJ,7/19/2022,3/28/2022,6:12 PM,9:31 PM,Delta,86,9
5666,WVI,MUW,9/9/2022,8/31/2022,2:01 PM,11:12 AM,United,90,12
5071,KSH,HOH,10/22/2022,10/2/2022,2:53 PM,8:08 AM,American,162,3
3763,HZB,IKU,5/20/2022,5/5/2022,2:38 AM,2:39 PM,United,90,11
9181,QFO,TRB,10/20/2022,7/17/2022,10:02 AM,10:28 PM,United,182,21
498,UMS,JAQ,2/17/2022,8/24/2022,3:06 AM,10:56 PM,American,307,11
5335,IDI,PDE,2/3/2022,10/11/2022,8:49 PM,10:38 PM,United,398,2
9816,YHO,SMF,6/20/2022,5/1/2022,1:27 PM,2:28 AM,American,217,9
6455,NRM,MEN,4/27/2022,8/29/2022,12:30 AM,9:25 PM,American,343,20
1214,RHI,LBV,4/11/2022,10/28/2022,3:41 AM,5:47 AM,American,155,4
5691,PDU,VAP,8/28/2022,4/4/2022,9:21 AM,10:53 AM,American,170,7
4955,BKZ,RAL,11/18/2022,1/18/2022,11:42 AM,4:37 PM,Delta,105,16
6934,VLL,HYF,10/16/2022,7/29/2022,2:58 PM,11:49 PM,Delta,411,13
1408,IML,GSP,12/14/2022,2/15/2022,6:38 PM,4:44 PM,American,19,21
7896,GBB,TSE,4/29/2022,3/2/2022,8:54 AM,5:29 PM,Delta,105,17
3306,IAR,GEO,4/19/2022,4/11/2022,4:54 AM,6:06 AM,American,202,12
7881,YYA,EKN,7/5/2022,7/13/2022,8:49 AM,8:20 AM,United,388,16
4108,ILK,QCO,6/26/2022,5/6/2022,5:35 PM,8:54 AM,Delta,110,1
2829,JLR,JNA,3/18/2022,12/13/2022,1:00 AM,6:37 PM,Delta,7,20
4057,GAY,SQA,3/30/2022,3/27/2022,11:03 PM,5:22 PM,United,39,1
6349,OCJ,EYR,10/14/2022,5/2/2022,1:58 PM,5:10 AM,Delta,122,3
7040,KZD,BAZ,8/22/2022,12/10/2022,6:28 PM,10:11 AM,Delta,132,1
1864,TPU,JAL,4/8/2022,12/6/2022,1:29 AM,2:15 AM,United,472,9
4859,AKB,TGP,1/3/2022,6/7/2022,9:22 AM,9:40 PM,United,75,12
3418,XMG,0,7/5/2022,11/20/2022,10:43 AM,3:48 PM,United,116,15
8314,SYY,GGR,10/21/2022,3/20/2022,6:14 AM,8:10 AM,United,138,12
7122,SJD,ALH,10/29/2022,4/25/2022,6:10 AM,9:39 AM,United,85,7
9527,CED,ULB,10/21/2022,1/17/2022,6:55 PM,5:01 PM,American,195,19
9086,EHL,HSJ,2/25/2022,6/28/2022,2:33 AM,5:35 PM,Delta,204,4
8346,KTQ,BDG,8/24/2022,8/13/2022,7:43 AM,12:11 AM,American,116,7
8828,OAM,NYA,5/23/2022,4/13/2022,8:11 PM,4:26 PM,Delta,28,3
9093,LCR,SQE,5/31/2022,8/11/2022,2:16 AM,12:08 AM,American,198,24
6585,RBQ,TJA,4/24/2022,11/14/2022,2:29 PM,1:49 PM,Delta,137,22
6823,UTI,MPW,4/26/2022,8/18/2022,10:08 PM,5:58 AM,Delta,462,17
8311,RDP,ORK,10/21/2022,5/31/2022,4:47 PM,9:30 PM,American,17,24
4538,KUC,EEK,10/28/2022,10/2/2022,11:24 PM,4:53 PM,Delta,413,14
6331,RPV,PLZ,3/6/2022,10/2/2022,9:22 PM,10:17 PM,United,394,21
5099,ZKE,DES,11/9/2022,4/26/2022,1:42 AM,11:39 PM,American,410,6
3135,JCR,SUI,4/1/2022,8/28/2022,7:58 PM,9:17 PM,American,212,16
5747,UGO,BJU,2/25/2022,11/26/2022,5:12 PM,7:17 PM,United,92,10
835,MVZ,BNP,7/6/2022,10/22/2022,1:00 AM,8:03 AM,American,82,13
8119,AKX,YHZ,10/27/2022,1/22/2022,2:39 PM,8:38 AM,Delta,66,14
1388,KRR,SVB,12/10/2022,6/27/2022,11:44 AM,12:02 PM,American,29,3
2077,QSF,YNT,11/1/2022,2/8/2022,2:22 PM,3:56 AM,Delta,145,19
9751,HBE,MXF,10/2/2022,12/19/2022,4:39 AM,4:05 AM,United,287,17
4003,YGV,CVI,3/28/2022,10/27/2022,6:26 AM,7:19 AM,American,435,6
6810,WAC,SWU,10/1/2022,7/25/2022,12:17 AM,8:11 PM,American,482,14
2094,GLE,UKH,9/26/2022,2/11/2022,5:47 AM,3:19 PM,Delta,474,10
2511,PYE,MEI,6/10/2022,11/15/2022,6:51 PM,12:58 PM,American,234,11
1252,CGT,GAV,9/9/2022,4/13/2022,5:53 PM,12:55 AM,American,448,12
3111,GOQ,SGA,6/20/2022,11/14/2022,9:57 AM,3:12 PM,Delta,431,15
9292,IAS,DAX,12/1/2022,2/17/2022,10:17 PM,4:31 PM,Delta,277,17
6282,PNH,WIN,8/12/2022,9/14/2022,12:10 AM,12:43 AM,Delta,402,14
636,KBW,TOZ,12/1/2022,3/25/2022,11:04 AM,10:00 AM,American,256,17
5704,TDG,DMU,4/26/2022,9/19/2022,12:15 AM,9:49 PM,American,425,15
2406,BOH,MIG,12/3/2022,12/27/2022,7:35 PM,5:31 PM,American,72,23
4871,REI,YJA,1/1/2022,9/28/2022,1:41 PM,6:24 PM,Delta,51,17
379,FBE,SBA,11/10/2022,5/30/2022,1:02 PM,4:25 AM,United,312,9
1401,FMY,BYR,5/14/2022,7/9/2022,7:14 AM,10:55 PM,United,105,1
1784,NVK,BYB,12/16/2022,1/25/2022,8:48 PM,3:23 AM,American,273,24
6200,SHE,SRV,1/26/2022,1/13/2022,8:51 PM,12:52 AM,Delta,460,5
7964,HRR,BAA,2/22/2022,10/16/2022,8:45 PM,2:06 AM,United,84,12
5051,MTI,BRT,1/4/2022,2/17/2022,7:56 AM,3:38 AM,Delta,168,7
8557,PKE,0,7/31/2022,3/2/2022,10:43 AM,2:15 PM,United,219,8
274,ZAA,LYB,1/18/2022,6/22/2022,11:45 AM,2:53 PM,American,87,3
5412,PDN,ZTH,10/14/2022,10/20/2022,6:44 PM,3:09 AM,United,195,6
3102,FIG,PSM,12/28/2022,9/26/2022,5:25 AM,6:11 AM,Delta,138,15
2551,KTW,TEY,7/14/2022,3/9/2022,7:58 AM,3:56 AM,American,236,15
8806,ACX,DRO,10/11/2022,4/17/2022,11:49 AM,12:29 PM,American,57,23
7149,FON,DTH,6/10/2022,3/8/2022,9:56 PM,8:07 PM,American,446,20
1605,MPH,VXO,7/9/2022,2/28/2022,7:37 PM,7:29 PM,American,45,16
1851,CRK,EAA,7/6/2022,5/25/2022,6:35 PM,5:30 PM,United,490,10
1735,CYM,NCR,12/22/2022,2/14/2022,7:49 PM,6:41 PM,United,359,2
4539,LPF,PZH,3/24/2022,11/19/2022,1:06 PM,2:31 AM,American,116,16
5676,EBU,0,3/12/2022,8/21/2022,6:24 PM,3:50 PM,United,206,4
7134,FNU,NQA,11/3/2022,9/23/2022,3:52 AM,8:32 PM,American,139,14
181,CLC,DRA,1/20/2022,4/5/2022,9:59 PM,3:43 AM,Delta,380,18
5097,SNK,AKY,2/13/2022,9/17/2022,2:32 AM,7:56 AM,United,368,2
1951,MXP,CIR,8/26/2022,8/30/2022,10:35 PM,3:02 AM,Delta,295,24
4045,MID,SLJ,4/22/2022,5/22/2022,12:56 PM,4:12 AM,Delta,14,10
2996,BSY,CID,8/23/2022,10/6/2022,1:24 AM,6:58 PM,Delta,376,13
803,KBD,ABS,7/24/2022,9/4/2022,8:52 PM,2:45 AM,United,223,11
661,SZR,YBS,10/23/2022,6/2/2022,5:12 PM,11:42 PM,United,108,16
4985,OMO,ORK,8/20/2022,1/19/2022,12:10 AM,10:51 AM,American,429,2
1594,OWA,0,4/27/2022,7/1/2022,4:46 AM,10:03 PM,Delta,441,16
2860,RCH,EUG,3/5/2022,8/29/2022,11:36 PM,6:13 AM,United,364,20
3691,SFQ,AKY,1/3/2022,4/16/2022,7:34 AM,12:33 PM,American,15,17
9824,SOF,MHP,9/1/2022,6/6/2022,2:53 PM,12:02 PM,Delta,206,8
8713,YSI,TRM,3/14/2022,5/10/2022,11:35 AM,11:09 PM,Delta,500,15
2842,DRV,ISM,1/11/2022,10/1/2022,11:21 AM,3:57 PM,United,373,3
1538,PSH,FJR,11/18/2022,1/16/2022,9:43 AM,6:32 AM,American,469,7
9843,OWB,SSD,8/7/2022,2/3/2022,10:55 PM,2:54 AM,Delta,423,6
8873,AKS,WLD,11/29/2022,4/23/2022,4:12 PM,8:18 PM,American,112,14
8901,LOD,EGS,4/8/2022,12/26/2022,10:12 AM,6:56 AM,United,219,23
1858,BRI,ZAM,11/1/2022,1/20/2022,1:55 PM,12:22 PM,United,261,15
4609,0,CWT,1/8/2022,1/9/2022,2:40 AM,9:16 PM,Delta,371,8
5837,KAI,IXU,7/24/2022,8/28/2022,11:36 AM,9:51 AM,United,266,18
7657,HUQ,MOV,4/21/2022,1/29/2022,3:50 AM,2:28 PM,United,347,8
2976,TGA,YPJ,6/20/2022,7/2/2022,1:42 PM,8:38 PM,United,439,2
1890,YXK,TCX,1/11/2022,7/8/2022,2:51 PM,8:29 AM,Delta,311,22
7635,ORU,OKC,7/10/2022,1/21/2022,8:07 AM,10:33 PM,United,293,1
4445,AFZ,JJM,5/7/2022,12/1/2022,1:15 AM,7:43 PM,American,455,14
7790,TSZ,KGG,7/7/2022,6/28/2022,3:09 AM,5:03 PM,United,435,24
3592,DOL,MGR,1/5/2022,11/26/2022,11:36 PM,10:41 PM,American,346,17
9769,MMQ,SGQ,6/4/2022,12/25/2022,9:56 PM,9:19 PM,Delta,137,23
7300,TFB,RAX,4/15/2022,2/24/2022,4:44 PM,3:00 PM,Delta,322,10
9904,YBG,EVN,4/30/2022,4/2/2022,9:20 AM,6:55 AM,Delta,459,8
3070,WTO,LTA,4/12/2022,10/13/2022,12:38 AM,5:13 AM,American,296,9
7497,INU,ASJ,7/24/2022,1/27/2022,10:18 PM,12:31 AM,United,403,21
7295,YAR,EVA,9/1/2022,1/29/2022,12:24 AM,4:04 PM,American,324,15
9570,HGA,CMG,6/20/2022,9/27/2022,4:55 AM,12:29 AM,Delta,97,20
4322,MLQ,WMB,2/24/2022,4/10/2022,3:52 AM,4:28 AM,American,180,23
3469,EGS,HPR,5/23/2022,6/27/2022,1:41 AM,8:31 PM,American,211,13
8156,OXO,YTD,2/4/2022,6/18/2022,4:29 PM,12:54 PM,United,37,16
5068,BUT,KAO,3/2/2022,10/17/2022,8:22 PM,2:38 PM,Delta,144,7
1310,EKI,MXU,5/20/2022,5/21/2022,5:08 AM,7:22 AM,United,82,10
4047,TOU,ASE,1/13/2022,12/6/2022,10:06 PM,6:26 PM,Delta,270,9
6164,DWS,CBJ,7/27/2022,10/29/2022,4:48 AM,8:50 AM,American,254,17
1202,CZL,DDU,9/18/2022,8/21/2022,9:16 AM,1:05 AM,American,214,15
8414,KKC,LCB,3/18/2022,6/26/2022,3:49 PM,4:53 AM,American,104,24
6974,BOM,0,5/2/2022,3/11/2022,1:27 AM,3:49 AM,Delta,377,7
3899,NDB,BMZ,7/6/2022,10/21/2022,2:23 PM,11:51 PM,United,23,8
5111,GDG,ADQ,12/18/2022,9/25/2022,5:38 PM,3:38 AM,United,391,19
1271,EUE,DES,9/16/2022,4/22/2022,5:05 AM,7:26 AM,Delta,390,20
8898,MXX,TNG,12/26/2022,7/28/2022,4:48 AM,10:14 AM,Delta,246,3
5711,LCC,PGK,7/22/2022,2/24/2022,8:18 AM,9:06 PM,American,130,10
8824,PET,TIX,3/18/2022,8/14/2022,3:44 AM,4:47 PM,United,106,5
8157,CPS,PDE,1/14/2022,11/12/2022,9:09 PM,6:04 PM,American,134,21
1625,DBT,RED,9/27/2022,9/28/2022,4:56 AM,3:43 AM,Delta,440,6
9448,BOC,FFL,7/17/2022,11/15/2022,3:36 AM,12:39 PM,United,206,20
3286,PSV,NVA,12/16/2022,5/18/2022,6:03 PM,12:55 AM,American,16,20
9542,LWN,IRM,3/3/2022,12/19/2022,12:36 AM,9:47 PM,Delta,31,4
4597,YBH,MQC,8/29/2022,7/2/2022,3:10 PM,11:34 AM,United,51,11
5010,LNM,MEJ,5/23/2022,6/9/2022,9:06 AM,3:09 PM,Delta,327,11
3912,AZN,CRL,9/12/2022,9/23/2022,2:26 AM,10:04 PM,Delta,67,8
141,STI,AEB,5/30/2022,5/5/2022,10:34 PM,3:56 AM,American,427,9
4471,QJB,MJO,6/2/2022,1/12/2022,8:26 AM,9:09 PM,Delta,262,10
6209,RHG,LPB,3/19/2022,10/20/2022,2:22 PM,9:17 AM,United,449,19
7372,ONJ,COI,9/14/2022,1/3/2022,8:58 AM,10:19 AM,American,232,19
8692,EAN,YRA,6/22/2022,1/7/2022,4:15 PM,12:51 AM,Delta,411,4
1000,WTN,CQS,12/23/2022,7/5/2022,3:18 PM,8:58 PM,Delta,26,12
5100,HEE,PSI,9/14/2022,1/5/2022,7:36 PM,8:32 AM,American,428,16
7100,NTJ,MIG,2/24/2022,5/14/2022,11:20 AM,2:28 PM,American,65,15
1105,BGO,ROC,11/26/2022,6/13/2022,11:31 AM,1:45 AM,Delta,378,16
7983,WDI,FRZ,3/28/2022,9/3/2022,11:34 AM,9:58 PM,American,55,18
8661,AVO,KAD,9/12/2022,9/2/2022,11:34 PM,6:38 PM,Delta,330,1
2315,HLL,TWA,4/17/2022,4/15/2022,2:29 PM,11:00 AM,United,431,19
4967,IBE,LWS,9/8/2022,11/10/2022,1:42 PM,6:14 PM,Delta,356,3
1772,PVC,SVX,8/23/2022,7/19/2022,1:33 PM,11:11 PM,United,128,3
7165,DFW,NSY,6/28/2022,1/17/2022,3:00 AM,12:28 PM,United,266,9
8522,NMB,FLP,12/4/2022,7/4/2022,6:32 AM,5:59 AM,Delta,403,2
2040,FCM,UBT,8/21/2022,9/9/2022,3:04 PM,9:54 PM,United,378,13
2395,AII,IEV,8/16/2022,2/1/2022,3:05 PM,7:04 PM,United,358,8
2540,SFQ,BZL,8/28/2022,8/20/2022,6:42 PM,8:17 AM,American,147,9
8854,ELL,BHI,6/1/2022,7/23/2022,1:58 AM,4:47 PM,United,118,15
3100,AHT,NQA,8/16/2022,9/24/2022,6:09 AM,8:42 PM,Delta,249,12
4764,PPH,CLQ,11/7/2022,3/11/2022,3:44 AM,7:20 AM,American,390,8
7469,GAX,MNP,12/2/2022,5/24/2022,9:29 AM,7:53 PM,United,281,9
1181,URR,ARA,2/24/2022,1/7/2022,2:37 AM,11:49 PM,American,193,4
5970,GOR,BDK,2/27/2022,3/17/2022,9:11 AM,2:24 PM,Delta,259,2
6011,SSU,LAE,8/16/2022,10/3/2022,11:42 AM,8:26 PM,United,36,7
9407,XNG,BCR,3/5/2022,8/13/2022,11:58 PM,1:15 AM,United,438,17
5323,AWD,CVG,7/4/2022,11/11/2022,2:14 PM,1:26 PM,American,219,22
2212,TYB,PBQ,5/13/2022,7/4/2022,12:26 PM,12:29 PM,American,59,17
5652,QYD,WEM,5/11/2022,11/21/2022,3:59 AM,1:44 AM,Delta,363,6
8584,KOY,TEL,2/10/2022,7/4/2022,6:06 AM,10:16 PM,American,262,13
5900,SKO,YLW,1/16/2022,4/14/2022,3:16 AM,1:07 AM,Delta,420,15
9773,YZD,RSJ,10/9/2022,7/23/2022,8:14 AM,8:51 AM,American,485,14
9469,KET,IVI,2/28/2022,9/10/2022,3:16 AM,3:06 PM,American,313,2
7983,BJO,YQL,5/27/2022,6/1/2022,6:47 AM,4:40 PM,American,210,19
448,PDK,YCG,9/23/2022,2/5/2022,7:02 PM,5:36 PM,Delta,191,16
6560,TQN,ALB,7/16/2022,12/11/2022,6:38 AM,9:25 AM,American,247,10
4363,GSJ,CXT,3/24/2022,4/1/2022,4:50 AM,6:51 AM,Delta,195,5
5714,ALW,PAD,8/26/2022,7/25/2022,10:30 PM,11:00 PM,Delta,220,10
6675,HOQ,SOX,12/26/2022,1/23/2022,1:51 PM,6:20 PM,Delta,192,15
8695,FVR,POY,10/1/2022,10/17/2022,4:53 PM,12:54 PM,United,120,9
5988,JSA,WME,12/24/2022,5/6/2022,6:13 PM,8:29 PM,American,334,7
3555,EWO,AXX,5/4/2022,3/25/2022,10:53 PM,2:01 PM,United,375,14
2577,SZX,SFK,6/1/2022,2/14/2022,3:42 AM,6:41 AM,American,166,22
3667,YZR,BVI,11/25/2022,9/22/2022,9:40 PM,1:19 AM,Delta,426,4
9508,GCV,BVY,3/19/2022,2/8/2022,3:45 PM,4:50 AM,Delta,18,6
9262,LAY,VLV,9/14/2022,8/9/2022,7:50 AM,7:28 PM,United,451,9
3645,POG,GHN,8/7/2022,9/28/2022,2:26 PM,11:16 AM,United,371,24
1441,MJR,TJC,4/23/2022,1/15/2022,11:03 PM,3:23 PM,Delta,338,5
3078,MDU,GFY,9/27/2022,12/22/2022,5:33 AM,11:23 AM,United,221,10
1603,SDM,AAC,4/26/2022,8/19/2022,12:09 PM,3:32 PM,American,134,19
3161,YMK,ALY,11/3/2022,6/21/2022,7:18 PM,12:21 PM,American,22,7
6624,NCS,DTH,12/1/2022,12/24/2022,6:26 PM,5:08 AM,American,361,19
144,TLN,POS,9/8/2022,8/19/2022,7:54 PM,5:02 AM,Delta,444,20
8300,SGU,BYQ,8/18/2022,9/10/2022,3:21 PM,1:46 PM,United,320,9
976,PJB,KIS,12/27/2022,7/16/2022,4:08 PM,10:27 AM,Delta,370,10
2882,WHU,KKA,11/3/2022,3/8/2022,8:24 AM,9:51 AM,United,483,10
7044,NSM,YKC,12/12/2022,11/2/2022,11:01 PM,6:57 PM,American,214,12
5522,YWK,SXZ,6/17/2022,12/10/2022,7:50 AM,9:51 PM,United,361,20
3174,OVS,EDA,9/26/2022,4/10/2022,2:44 AM,12:51 AM,American,454,22
6100,FXY,TNM,5/13/2022,8/18/2022,1:40 AM,1:16 PM,United,72,15
926,ABS,MPO,6/27/2022,1/24/2022,8:07 PM,3:25 AM,United,201,16
5665,KLX,BOB,8/20/2022,4/25/2022,4:55 AM,9:37 PM,Delta,344,7
4095,ULD,AYD,1/25/2022,10/6/2022,1:23 AM,10:39 PM,Delta,67,11
239,ACC,SJX,5/3/2022,5/23/2022,1:06 AM,3:05 PM,American,364,19
3098,CZO,SWW,11/2/2022,6/29/2022,5:53 PM,10:55 AM,American,397,4
9082,OKM,TUI,12/4/2022,6/10/2022,7:32 PM,5:19 AM,Delta,266,14
2621,TKA,AEA,8/31/2022,4/5/2022,10:45 AM,3:36 AM,American,256,10
7071,GFY,GKD,6/5/2022,2/15/2022,10:38 PM,3:25 AM,American,280,14
9494,VUS,CSC,10/31/2022,8/4/2022,2:31 PM,9:38 PM,United,428,13
3061,CGD,MJV,11/11/2022,12/1/2022,4:03 PM,10:14 AM,Delta,19,15
2040,NUQ,ENJ,8/11/2022,10/22/2022,7:07 AM,6:36 PM,American,345,16
611,IMD,JEJ,7/5/2022,10/24/2022,8:24 AM,12:20 PM,Delta,100,8
7441,MPW,AEB,8/2/2022,5/17/2022,7:03 PM,10:17 AM,United,207,5
7830,WAN,YHE,1/9/2022,5/9/2022,2:21 PM,5:33 AM,American,398,7
8759,PYX,PLL,11/22/2022,12/18/2022,7:49 PM,11:20 PM,American,285,6
3433,BXP,CPX,6/7/2022,11/24/2022,6:17 PM,1:14 PM,American,163,10
8438,MVB,CZP,1/20/2022,3/6/2022,11:16 PM,3:42 PM,Delta,75,17
9865,ERZ,AIE,2/7/2022,9/4/2022,6:16 AM,3:09 AM,United,393,20
2146,PPU,GTE,6/8/2022,2/10/2022,8:48 AM,10:32 PM,American,289,5
6314,MKU,PDD,8/11/2022,12/13/2022,4:40 PM,3:49 AM,United,256,13
9536,LCD,JMJ,2/1/2022,4/28/2022,3:07 PM,12:45 PM,Delta,394,1
5692,FVR,CTI,4/20/2022,12/5/2022,2:37 PM,12:45 AM,United,53,15
9238,VJB,RHO,12/5/2022,5/18/2022,9:13 AM,6:36 AM,American,138,6
8272,DGC,YOH,5/2/2022,11/30/2022,10:19 AM,9:23 PM,American,208,10
9075,ZAO,ARQ,11/12/2022,3/19/2022,8:39 AM,2:46 AM,American,176,13
2045,DBS,LGR,1/6/2022,2/6/2022,2:59 AM,11:49 PM,American,453,22
2055,SUD,YTG,7/31/2022,1/2/2022,10:53 AM,8:21 AM,United,180,2
9788,BRI,CSQ,4/27/2022,4/1/2022,10:30 AM,8:45 PM,American,78,22
420,CKW,YAZ,1/2/2022,9/2/2022,11:27 PM,8:40 AM,American,199,24
9385,WBC,NLN,5/9/2022,10/17/2022,5:13 AM,1:56 AM,American,378,22
4365,MKL,SHF,11/18/2022,3/4/2022,9:40 AM,3:34 PM,United,423,5
4149,OMA,RYO,9/14/2022,3/5/2022,10:59 PM,4:07 AM,American,112,13
4997,BDW,IUE,8/21/2022,1/30/2022,2:27 PM,11:19 PM,United,175,10
3664,PRA,ZBM,4/19/2022,11/23/2022,4:28 AM,3:18 PM,American,449,3
1990,FXE,SQV,5/13/2022,6/19/2022,7:21 AM,3:47 PM,Delta,227,17
4445,GTY,DEM,11/15/2022,4/15/2022,11:07 PM,8:22 AM,United,220,22
2996,MVK,ORZ,12/13/2022,2/27/2022,5:15 AM,7:08 AM,Delta,233,24
9638,QYD,IQT,9/29/2022,11/21/2022,9:47 PM,2:41 PM,United,185,12
7758,BIK,EUA,5/22/2022,1/20/2022,3:26 AM,9:26 AM,Delta,137,24
7686,TTU,CLZ,1/9/2022,5/29/2022,4:58 AM,5:26 AM,American,358,20
3274,GDI,CSK,3/20/2022,9/8/2022,8:00 PM,11:08 PM,United,161,8
6742,BGK,GUS,6/7/2022,9/14/2022,2:22 AM,12:29 PM,American,373,7
7154,HZP,KDL,11/29/2022,12/29/2022,3:45 AM,9:18 AM,United,63,22
3018,AAI,UAP,7/12/2022,2/21/2022,6:25 AM,7:12 AM,American,183,15
9232,CIM,YBQ,4/24/2022,2/20/2022,4:02 AM,3:57 PM,Delta,129,8
1562,BKK,MNX,11/22/2022,6/13/2022,2:34 PM,2:48 AM,American,317,15
6120,COU,FOK,11/7/2022,2/23/2022,2:23 PM,7:30 PM,American,147,24
4423,OUN,CNI,3/27/2022,8/7/2022,1:20 AM,12:34 AM,American,70,17
4243,MDA,BSZ,3/4/2022,2/17/2022,8:29 AM,7:04 AM,American,84,9
6422,BAI,YHS,10/28/2022,10/19/2022,9:28 PM,5:49 AM,American,20,12
5964,AFL,NCU,10/25/2022,8/3/2022,6:31 PM,4:32 AM,American,404,1
5989,0,BQO,6/20/2022,1/1/2022,12:00 AM,1:23 PM,American,400,7
2759,SZW,OPS,8/23/2022,5/21/2022,1:30 AM,7:26 PM,Delta,426,24
4817,SJM,FBL,10/9/2022,4/12/2022,12:51 AM,6:19 AM,American,218,12
1029,SOP,SQK,10/11/2022,3/1/2022,10:51 PM,5:10 AM,United,335,6
6064,UKB,LSF,10/3/2022,7/11/2022,12:09 PM,6:16 PM,Delta,395,24
2950,TWB,CEC,8/29/2022,11/20/2022,5:54 AM,2:18 PM,United,479,6
7236,HPN,BCT,5/15/2022,11/5/2022,7:12 PM,11:54 PM,Delta,424,18
4849,IXZ,THO,1/18/2022,2/11/2022,8:27 AM,1:26 PM,United,248,19
4556,ENA,AHM,12/2/2022,8/27/2022,9:09 AM,5:39 PM,Delta,170,21
2458,GLH,XPK,10/2/2022,1/20/2022,9:07 PM,10:43 AM,Delta,226,12
2790,RLP,SNJ,1/5/2022,11/20/2022,2:00 PM,8:32 AM,Delta,383,15
6802,BGX,BVI,10/4/2022,12/29/2022,3:21 AM,1:16 AM,United,249,10
8375,TIW,RLK,2/9/2022,5/10/2022,2:29 PM,7:30 PM,American,467,2
8028,UGA,NIP,4/24/2022,8/5/2022,8:48 PM,7:53 AM,American,267,11
4820,APK,KYL,2/17/2022,11/1/2022,9:23 AM,5:34 AM,United,457,1
7558,ANU,KJP,5/28/2022,10/18/2022,3:33 PM,12:32 PM,Delta,130,3
2895,PNZ,-,10/18/2022,3/26/2022,1:32 PM,2:53 AM,American,484,17
4183,GAS,ATL,2/25/2022,7/8/2022,4:24 AM,6:17 PM,United,281,10
6415,BGA,BGF,2/9/2022,2/2/2022,9:55 PM,10:56 PM,American,444,16
6835,ASM,IVA,5/13/2022,10/19/2022,3:32 PM,8:40 PM,Delta,263,23
3832,HIO,ADD,1/1/2022,7/6/2022,8:26 AM,5:52 AM,American,299,10
8037,OKD,RMQ,2/26/2022,12/10/2022,6:56 PM,7:42 AM,American,460,16
8567,UEL,DIP,4/30/2022,12/17/2022,3:15 PM,5:09 PM,American,259,21
4937,FLA,XBB,7/28/2022,10/27/2022,3:22 AM,7:00 AM,United,445,18
7654,UEL,NAN,9/2/2022,9/6/2022,5:59 AM,4:52 AM,United,345,18
1264,LOI,TGV,10/16/2022,10/21/2022,2:28 AM,11:53 PM,United,233,3
1079,CGZ,INK,7/18/2022,9/25/2022,12:10 AM,7:21 AM,Delta,170,7
6465,CVT,RSE,10/24/2022,11/20/2022,3:11 PM,5:31 AM,American,315,3
4484,EUO,RML,12/24/2022,2/16/2022,10:05 PM,3:01 AM,United,78,10
8557,CEK,MER,11/19/2022,6/4/2022,5:04 AM,4:14 AM,American,272,24
3407,ERU,CXY,3/27/2022,7/22/2022,2:28 PM,10:41 PM,Delta,235,6
1060,LKW,TLJ,10/30/2022,4/17/2022,10:19 PM,8:48 PM,United,414,12
2001,BZX,LSX,7/9/2022,4/30/2022,12:56 AM,4:49 AM,American,52,24
8928,TAQ,HET,2/20/2022,7/19/2022,9:42 PM,2:41 PM,United,233,13
5881,MHR,BIW,3/30/2022,5/27/2022,8:24 PM,8:03 PM,American,453,8
2203,SGY,GMP,10/4/2022,5/28/2022,4:32 PM,12:45 PM,American,365,7
1672,XNA,BPH,8/4/2022,12/10/2022,1:14 PM,4:45 AM,United,113,1
6898,IVA,SCC,5/24/2022,4/19/2022,11:23 AM,1:00 AM,Delta,444,14
6965,OMG,TSV,6/22/2022,5/25/2022,6:57 PM,11:09 PM,United,457,9
1346,OUT,TOS,10/20/2022,9/8/2022,2:32 AM,12:31 PM,United,11,15
6062,KWX,ALI,7/30/2022,4/5/2022,8:53 PM,1:33 AM,Delta,308,23
7375,HUT,SVE,5/28/2022,9/10/2022,10:10 AM,8:50 PM,American,318,15
7480,AEQ,EVV,8/31/2022,2/21/2022,12:52 AM,10:20 PM,American,453,2
6907,LAC,QLP,12/10/2022,3/22/2022,10:19 AM,9:01 PM,Delta,138,7
9716,GHA,AFF,4/18/2022,9/14/2022,1:49 PM,4:11 PM,United,310,10
685,PZO,TBF,8/15/2022,5/8/2022,6:26 AM,12:41 AM,Delta,314,24
7752,ARQ,JXN,10/28/2022,6/4/2022,11:08 AM,3:20 PM,United,374,7
6688,MAE,MKN,6/12/2022,1/18/2022,2:03 AM,5:07 AM,Delta,392,18
6039,MVR,VFA,4/14/2022,4/19/2022,8:25 PM,5:45 AM,Delta,195,16
5106,OLC,CPV,3/11/2022,2/11/2022,1:35 PM,1:54 PM,United,39,15
2678,NTA,BNF,5/22/2022,8/17/2022,3:06 AM,11:05 PM,United,137,13
7199,RGO,MVQ,7/1/2022,1/1/2022,12:21 PM,11:22 AM,United,399,18
3686,OCW,PCB,12/24/2022,2/4/2022,7:53 AM,5:02 AM,American,327,8
2140,YRF,ADZ,2/26/2022,5/7/2022,8:49 AM,11:50 AM,United,158,20
1087,IDP,ANZ,4/29/2022,3/8/2022,11:00 PM,6:49 AM,Delta,62,14
4527,YBJ,PHA,3/20/2022,9/21/2022,1:38 PM,12:44 AM,Delta,154,6
850,HIS,VMU,9/24/2022,7/1/2022,8:10 AM,8:09 AM,American,434,7
3169,AGD,ACF,2/12/2022,3/23/2022,8:20 AM,9:55 AM,American,90,12
4694,YRG,DDN,4/1/2022,8/24/2022,4:53 AM,10:47 AM,American,90,18
9712,PQC,OZC,10/10/2022,5/25/2022,12:01 AM,11:12 PM,Delta,81,12
2815,APG,ETE,8/15/2022,7/28/2022,6:09 PM,3:38 AM,United,290,23
1848,CIJ,RCA,2/11/2022,3/21/2022,4:48 AM,6:17 PM,Delta,34,21
3251,AAJ,KCN,4/8/2022,4/25/2022,7:26 AM,2:41 PM,Delta,155,5
8844,CVR,STD,2/17/2022,2/27/2022,6:58 PM,3:11 PM,United,281,9
8166,KIL,FLY,1/29/2022,7/28/2022,1:57 PM,2:28 PM,United,181,4
7367,DLE,HGT,5/10/2022,7/30/2022,6:10 PM,12:12 PM,American,160,20
1480,LIQ,YKO,11/4/2022,11/24/2022,5:55 AM,8:40 PM,Delta,117,19
9394,PHA,YLI,11/16/2022,8/18/2022,12:47 PM,10:02 PM,American,10,14
7080,OVE,LER,12/2/2022,2/7/2022,11:46 AM,4:37 AM,United,212,9
8193,PHT,URG,11/23/2022,5/10/2022,2:36 AM,5:07 AM,United,359,19
2183,CUB,KTA,12/25/2022,12/13/2022,6:38 AM,11:59 AM,Delta,360,7
1024,HSM,ANA,9/1/2022,12/14/2022,3:58 AM,5:45 PM,United,346,4
1733,BXY,BZY,4/3/2022,6/14/2022,10:43 PM,2:24 PM,Delta,474,9
2378,ESI,SHO,2/3/2022,11/29/2022,10:38 AM,4:17 PM,United,449,5
531,CND,SOV,7/26/2022,10/1/2022,12:45 AM,6:34 PM,American,199,4
1748,PEN,HOC,7/13/2022,8/1/2022,9:48 AM,6:12 AM,Delta,159,4
4922,TBK,YYI,12/23/2022,9/2/2022,10:08 AM,7:02 PM,Delta,262,17
5334,TBP,WPK,5/4/2022,9/27/2022,3:05 AM,4:04 PM,American,429,6
5523,OCA,VRU,3/10/2022,6/10/2022,7:00 AM,10:17 AM,American,300,8
6149,OBN,MXH,10/31/2022,11/15/2022,1:25 PM,2:14 PM,United,396,11
8131,TDG,MTG,5/21/2022,12/24/2022,10:46 AM,5:21 AM,American,371,15
3515,PEP,SSK,12/9/2022,3/24/2022,1:05 PM,4:24 AM,United,86,22
8836,GUF,SXL,7/13/2022,9/8/2022,11:58 AM,8:02 PM,United,211,13
1275,CJT,HUZ,4/15/2022,6/23/2022,12:38 AM,10:45 PM,Delta,439,10
7534,FNT,PTJ,11/13/2022,12/14/2022,9:05 PM,3:37 PM,American,341,7
9017,YMB,LSY,12/25/2022,11/28/2022,9:21 PM,6:36 PM,Delta,24,12
7999,BNR,UAB,8/20/2022,8/25/2022,3:18 AM,8:08 PM,American,299,4
7366,AYN,UPG,3/23/2022,10/10/2022,5:25 PM,2:48 AM,Delta,84,15
4420,LOZ,YLI,11/21/2022,11/26/2022,6:45 PM,1:16 PM,Delta,461,2
5104,YLK,RES,7/23/2022,3/15/2022,2:55 PM,6:01 AM,United,31,5
7862,YTX,AHL,10/15/2022,9/24/2022,9:00 PM,5:40 PM,United,36,4
4677,MQU,HSN,7/14/2022,12/19/2022,3:11 AM,12:30 PM,Delta,298,7
7158,GYS,GBJ,4/18/2022,1/14/2022,6:06 AM,6:32 PM,United,20,15
7820,PNE,VXE,4/6/2022,2/23/2022,10:28 PM,6:14 AM,American,468,14
2244,UBT,TNJ,3/14/2022,2/7/2022,5:47 PM,8:24 PM,United,424,5
7625,TNR,KYD,10/8/2022,9/7/2022,4:44 AM,9:18 PM,United,92,18
3316,YRV,CBY,7/6/2022,5/24/2022,12:55 AM,5:43 AM,American,422,10
6862,SBZ,SMY,9/6/2022,12/23/2022,8:03 PM,4:58 PM,American,209,19
9860,BZX,CNO,8/14/2022,6/13/2022,10:28 PM,9:06 PM,Delta,349,19
9816,LBV,TKB,3/7/2022,6/16/2022,6:37 AM,2:49 AM,American,253,4
6954,ZIC,LEB,3/28/2022,5/8/2022,2:59 AM,7:54 AM,American,82,15
2339,TJN,YFO,11/19/2022,5/31/2022,11:36 AM,5:15 AM,United,81,13
123,CCV,ZFW,8/9/2022,11/16/2022,9:52 AM,7:18 AM,Delta,415,14
1290,HHH,FKN,10/7/2022,8/3/2022,5:00 PM,8:53 PM,United,324,22
8749,CCA,YCM,12/6/2022,3/5/2022,7:50 PM,7:36 PM,Delta,259,2
3252,MQE,IZA,4/26/2022,4/27/2022,10:41 PM,4:26 AM,American,451,23
3411,OMI,EOZ,12/21/2022,9/23/2022,4:52 PM,2:21 PM,American,282,4
4615,QCR,LGL,11/17/2022,1/4/2022,2:01 AM,2:24 AM,American,132,4
2027,NCO,MHC,12/26/2022,4/1/2022,11:31 AM,1:28 PM,United,207,23
5226,MVE,SDX,12/19/2022,8/15/2022,2:53 PM,1:59 AM,American,422,14
591,MUM,YKK,8/9/2022,12/4/2022,8:46 AM,6:53 PM,Delta,69,4
3227,PAU,DAZ,3/15/2022,2/22/2022,9:27 AM,10:50 AM,American,147,1
6722,KOC,LTH,12/9/2022,8/26/2022,1:32 AM,11:52 PM,Delta,125,6
982,MFZ,MKL,4/28/2022,4/10/2022,7:55 PM,4:21 PM,American,441,9
9354,SRE,CJN,5/6/2022,7/24/2022,12:28 PM,10:00 PM,United,178,7
6554,JLR,KRQ,2/8/2022,1/11/2022,1:42 PM,6:19 AM,United,315,13
6443,HBU,MRQ,11/20/2022,8/17/2022,7:34 AM,2:20 AM,Delta,87,3
7289,JKR,UGA,8/29/2022,12/10/2022,7:45 PM,11:33 AM,United,454,3
6808,OXF,TBN,4/13/2022,1/13/2022,6:07 AM,10:40 PM,United,115,22
8438,DKA,DLG,5/22/2022,3/20/2022,7:01 AM,6:16 AM,United,20,18
3393,KMF,IAH,12/6/2022,8/30/2022,4:02 AM,9:31 PM,Delta,79,20
5624,FRT,WTL,9/30/2022,5/18/2022,4:38 AM,3:04 AM,Delta,20,2
4953,CPB,YXQ,11/8/2022,5/12/2022,9:53 PM,9:38 AM,United,476,9
9424,JAK,NQI,7/6/2022,4/17/2022,8:18 PM,1:07 PM,United,414,3
9995,GSW,KMS,6/17/2022,5/23/2022,7:00 PM,6:40 PM,United,291,8
7783,CTK,FSI,5/9/2022,6/23/2022,3:47 AM,12:52 AM,United,457,6
4799,PLW,JIJ,10/14/2022,9/4/2022,2:51 PM,1:36 AM,American,371,21
8623,EBO,CEQ,5/5/2022,9/21/2022,10:26 AM,12:51 AM,Delta,85,4
8783,MBL,ISP,5/30/2022,10/12/2022,9:12 PM,1:22 AM,United,134,20
3005,EMX,LZM,3/9/2022,10/30/2022,2:49 PM,4:17 PM,United,78,10
6139,STL,TKX,8/22/2022,4/20/2022,4:31 PM,7:35 AM,American,186,5
1390,FMG,ZOF,2/1/2022,8/11/2022,5:24 AM,11:37 AM,Delta,307,13
6186,SBB,MJG,2/12/2022,7/14/2022,8:16 PM,1:57 AM,Delta,294,7
4806,CPP,KIO,9/8/2022,8/8/2022,2:46 PM,4:23 AM,American,470,3
5576,CNO,LHI,1/1/2022,7/21/2022,12:03 PM,12:48 AM,Delta,111,23
2681,TTA,SNL,2/14/2022,1/20/2022,10:07 PM,3:09 AM,Delta,403,12
627,OAZ,SVL,5/24/2022,10/27/2022,2:50 AM,4:36 AM,United,97,4
6595,WCR,PQD,6/6/2022,10/7/2022,8:27 PM,2:09 AM,American,218,13
4896,URB,GIR,10/28/2022,2/11/2022,3:20 PM,4:02 PM,United,435,19
7163,UTH,RCE,3/5/2022,3/12/2022,2:02 AM,3:46 AM,Delta,471,23
5164,CLK,CIX,1/19/2022,1/25/2022,10:04 AM,8:26 AM,United,226,8
2726,KZR,CFH,1/3/2022,5/5/2022,9:09 PM,1:33 AM,American,37,3
9787,SEE,MNN,4/6/2022,11/13/2022,12:04 AM,11:58 AM,United,208,4
9208,EHL,PGF,9/25/2022,4/4/2022,8:05 AM,3:00 PM,American,399,6
377,IHU,RCH,5/29/2022,11/14/2022,12:20 AM,6:53 AM,United,358,7
1543,YCM,GNZ,2/11/2022,12/2/2022,10:16 PM,6:21 PM,Delta,38,17
9227,ATS,SMR,1/2/2022,5/23/2022,7:50 AM,9:52 AM,Delta,327,5
2590,BEC,ZAH,11/24/2022,8/29/2022,3:17 PM,5:53 AM,United,58,18
1084,EWO,FKL,6/4/2022,8/8/2022,1:57 PM,2:16 PM,United,171,8
3615,YQJ,RTI,1/21/2022,10/14/2022,7:04 PM,4:22 AM,American,123,15
2216,MOH,NAP,12/10/2022,2/17/2022,5:15 AM,5:08 AM,United,486,16
8858,TYR,HGH,9/19/2022,2/20/2022,5:07 PM,7:49 PM,Delta,183,4
2397,NKM,NEF,4/16/2022,9/26/2022,3:44 PM,9:14 AM,United,256,13
5507,CGN,DVP,6/1/2022,12/23/2022,4:36 AM,7:27 AM,United,419,20
6154,CQD,LHW,11/6/2022,10/7/2022,4:02 PM,11:30 AM,Delta,267,15
9120,PLN,INW,3/19/2022,12/27/2022,9:56 PM,10:44 PM,Delta,302,11
4942,DEP,DTA,9/13/2022,2/3/2022,2:27 PM,2:13 PM,Delta,25,6
4783,NVR,AHN,2/14/2022,4/20/2022,9:38 AM,3:15 PM,American,314,7
3217,PHM,GAD,3/29/2022,1/1/2022,11:42 AM,5:03 AM,American,179,22
6335,TMB,KAD,2/18/2022,11/16/2022,11:10 PM,2:08 AM,United,332,17
7520,BNG,0,2/26/2022,2/17/2022,8:45 PM,6:09 AM,American,434,5
5971,EVN,MNS,5/18/2022,9/23/2022,9:40 PM,1:33 PM,American,341,11
2202,VLE,ILO,4/15/2022,5/26/2022,11:15 AM,7:53 AM,United,402,11
9366,HIN,MIT,4/4/2022,6/10/2022,3:40 PM,9:04 AM,Delta,167,13
6911,MKS,VRO,10/9/2022,4/23/2022,6:01 PM,9:35 AM,United,141,24
3524,MNZ,VDP,8/21/2022,8/1/2022,3:22 PM,12:07 PM,American,21,9
8611,SUE,EWY,2/1/2022,7/21/2022,10:30 PM,3:27 PM,American,97,11
4356,CYW,YSF,1/5/2022,3/28/2022,1:09 AM,1:04 AM,United,401,23
3570,HLL,RTI,11/28/2022,8/26/2022,12:18 AM,9:18 PM,Delta,494,1
2554,LIE,LYA,5/22/2022,3/2/2022,8:23 AM,3:17 PM,Delta,435,2
832,YCE,YQB,10/5/2022,10/14/2022,12:12 PM,3:07 PM,United,444,19
5358,QLT,YUT,11/17/2022,6/8/2022,10:58 AM,7:53 PM,American,239,20
7762,LCX,AOC,3/7/2022,6/2/2022,9:00 AM,8:45 PM,United,268,8
9203,TXN,KJH,3/13/2022,5/2/2022,3:42 AM,12:21 AM,United,17,5
9113,SSZ,KOS,10/19/2022,1/9/2022,1:09 AM,6:00 PM,American,308,10
3730,FGD,FEZ,6/14/2022,9/22/2022,8:29 AM,8:30 PM,United,276,20
9808,MOL,MMG,9/4/2022,7/5/2022,3:03 AM,7:48 PM,United,204,19
6833,GLL,AOJ,3/30/2022,3/19/2022,10:43 AM,2:38 PM,American,48,16
7359,DTN,YUY,3/27/2022,5/20/2022,1:49 AM,10:10 AM,United,465,15
1978,KAO,TLE,4/24/2022,3/17/2022,5:03 AM,9:40 PM,American,321,14
6877,MSZ,MJR,11/23/2022,10/27/2022,11:45 PM,3:40 AM,Delta,380,13
2634,UGA,RNN,5/31/2022,9/29/2022,4:06 PM,5:46 AM,United,277,21
5782,KBM,MPW,12/6/2022,3/11/2022,11:01 PM,1:42 PM,United,164,11
5353,SUQ,CZA,9/24/2022,5/31/2022,8:01 PM,3:10 AM,United,434,10
3174,SWT,TEG,12/27/2022,11/14/2022,1:57 AM,2:59 PM,United,288,4
7167,OKH,QSI,4/23/2022,11/4/2022,9:09 PM,2:17 PM,American,344,8
9847,PEA,WWI,8/7/2022,1/28/2022,11:22 AM,11:32 AM,United,60,10
6030,HTN,ANI,7/9/2022,7/8/2022,12:51 PM,8:06 AM,American,426,10
7967,MXN,ANP,1/30/2022,7/26/2022,3:45 PM,8:17 PM,American,80,18
915,DDN,NOV,8/7/2022,10/20/2022,11:21 AM,7:15 PM,United,177,24
589,DBB,MZD,8/30/2022,11/11/2022,9:44 PM,1:40 AM,United,256,24
7114,SKV,YLL,2/15/2022,2/18/2022,2:32 PM,1:02 PM,Delta,196,13
7904,IHU,KKP,9/5/2022,2/12/2022,9:51 PM,11:39 AM,American,433,9
1878,DTU,UET,1/18/2022,5/6/2022,8:02 PM,5:30 PM,United,50,24
7961,PNA,ABO,9/22/2022,1/28/2022,10:09 PM,8:23 PM,United,376,10
8643,YPQ,MPI,1/2/2022,2/3/2022,8:19 PM,8:51 AM,Delta,47,15
152,CZN,HAY,12/16/2022,10/29/2022,1:36 AM,10:36 AM,Delta,161,12
6620,HEX,LEE,1/20/2022,1/26/2022,2:24 PM,11:48 PM,American,248,7
7009,PTZ,RHA,12/28/2022,11/26/2022,11:12 AM,1:54 PM,United,283,14
4270,POL,NAM,7/14/2022,2/11/2022,7:44 PM,2:44 AM,United,441,21
3957,TSW,ENC,8/22/2022,2/8/2022,6:02 PM,4:56 AM,Delta,458,24
2777,CCC,LNX,9/15/2022,8/21/2022,10:37 PM,9:07 PM,United,498,22
1267,MMK,GWV,12/26/2022,7/15/2022,6:45 AM,12:22 AM,American,306,3
401,NOA,THU,9/19/2022,12/14/2022,9:46 AM,1:34 AM,United,258,20
7894,HBB,YGC,6/4/2022,1/5/2022,3:17 PM,11:37 AM,Delta,112,21
2533,KGG,OMA,3/14/2022,5/7/2022,8:26 AM,11:00 AM,American,375,19
6830,KGM,IRB,2/4/2022,12/19/2022,6:36 AM,10:51 AM,Delta,160,6
5845,BKU,SIF,5/17/2022,8/27/2022,2:42 AM,6:25 AM,American,387,13
5104,RUF,DSV,9/7/2022,7/16/2022,8:29 PM,11:29 PM,United,293,10
8930,HPV,QRT,2/17/2022,6/17/2022,8:54 AM,9:08 AM,United,444,12
2957,PDP,BVA,10/15/2022,11/13/2022,8:39 AM,7:15 AM,Delta,302,19
6255,SLX,AMN,3/9/2022,4/11/2022,6:35 PM,9:08 PM,Delta,180,6
7827,LZU,SWD,8/2/2022,9/7/2022,8:20 AM,4:31 PM,United,209,7
8821,KRQ,CHS,8/19/2022,12/6/2022,12:31 AM,1:52 PM,United,429,1
6341,BGY,ISO,3/25/2022,11/20/2022,9:17 PM,12:19 AM,American,268,4
564,IXA,INM,9/2/2022,9/16/2022,9:17 PM,3:13 AM,Delta,217,3
2283,ZIG,YES,9/8/2022,2/1/2022,5:19 PM,8:03 PM,American,445,8
2279,CDI,MMK,7/2/2022,11/4/2022,4:02 PM,10:03 PM,United,394,8
8394,RIA,RME,5/25/2022,8/31/2022,2:35 AM,4:28 PM,United,452,16
9382,CFH,DSX,8/12/2022,5/13/2022,5:56 PM,4:01 AM,United,439,3
2651,ZEM,RDS,6/28/2022,8/31/2022,2:17 AM,10:30 AM,United,364,8
3610,WLC,DRW,11/30/2022,2/7/2022,6:32 PM,8:42 AM,American,162,18
1351,VGD,BGX,5/5/2022,8/27/2022,8:45 PM,4:44 PM,American,481,20
9065,PVZ,SLV,5/9/2022,8/22/2022,2:38 AM,10:54 AM,United,446,21
3513,WNU,EVV,4/2/2022,7/18/2022,1:26 AM,2:27 AM,Delta,178,13
6258,MUM,SLQ,4/21/2022,4/9/2022,1:15 PM,10:09 PM,United,6,6
2628,BJO,PTO,10/16/2022,11/4/2022,3:30 AM,2:33 AM,United,196,13
7261,GBW,GCD,2/11/2022,10/8/2022,1:26 PM,9:28 PM,American,94,21
9553,MWF,TUT,2/7/2022,4/10/2022,12:23 PM,5:10 PM,Delta,223,1
8250,EBM,RKZ,9/8/2022,4/27/2022,11:01 AM,4:00 AM,United,107,4
6868,BXN,SVD,1/31/2022,3/18/2022,11:45 AM,6:41 AM,United,276,8
6204,MAM,TLJ,10/14/2022,3/23/2022,7:10 AM,11:15 PM,United,260,19
5863,TKB,SHW,4/11/2022,2/5/2022,7:01 AM,9:44 PM,United,37,19
9803,OXF,EWY,7/29/2022,3/16/2022,3:49 PM,12:40 AM,United,178,13
9763,MWR,FIN,4/11/2022,4/7/2022,7:09 PM,4:57 AM,American,442,2
6678,AKT,YJP,8/20/2022,6/30/2022,9:32 PM,8:42 AM,Delta,353,19
3396,SHT,KOC,9/9/2022,8/8/2022,4:52 AM,1:40 AM,United,86,5
6790,YHT,KCQ,4/14/2022,9/15/2022,6:18 PM,1:13 AM,United,285,21
1675,KWI,OZR,3/26/2022,5/24/2022,1:03 PM,4:53 AM,Delta,489,24
588,MEZ,GTA,12/8/2022,12/17/2022,6:18 AM,5:01 AM,Delta,23,24
9119,SMS,MYK,7/9/2022,10/27/2022,3:55 AM,9:52 PM,Delta,116,16
3891,MXT,HNM,5/19/2022,7/21/2022,5:37 AM,6:05 PM,American,281,12
5645,VAA,YYH,7/18/2022,10/1/2022,5:57 PM,11:37 PM,United,205,6
1446,MRR,CVF,1/22/2022,10/2/2022,4:09 AM,4:34 PM,Delta,174,20
7490,DSM,TGN,8/10/2022,11/10/2022,1:42 PM,4:12 PM,Delta,120,6
5070,EAE,RVK,9/4/2022,8/2/2022,8:17 AM,2:44 AM,American,141,22
9013,PMX,PTZ,9/17/2022,6/17/2022,10:02 AM,12:56 PM,Delta,6,3
5672,ELL,WDG,10/4/2022,10/7/2022,12:45 PM,10:35 PM,United,321,24
442,TKI,STG,6/6/2022,1/11/2022,3:04 AM,9:55 AM,American,496,1
1187,BJZ,XAL,11/22/2022,2/15/2022,7:54 PM,8:39 PM,American,436,24
3896,ILU,SPT,8/10/2022,1/19/2022,11:39 PM,8:54 AM,Delta,423,23
4708,SNR,DUB,10/25/2022,5/5/2022,11:09 PM,12:30 PM,United,195,12
4612,CAF,AJF,1/19/2022,1/24/2022,1:51 PM,4:34 AM,United,297,18
4337,YQL,EDW,3/6/2022,2/2/2022,11:10 PM,8:14 AM,United,358,6
5807,EUO,YCB,6/21/2022,2/14/2022,4:29 PM,10:22 PM,Delta,299,7
7716,TGD,HHP,5/24/2022,12/8/2022,4:44 PM,11:19 PM,Delta,197,15
5539,HKG,JAV,9/24/2022,10/11/2022,4:26 AM,9:27 AM,Delta,367,15
4930,PKA,SOP,6/17/2022,2/11/2022,3:46 PM,1:40 PM,American,486,23
7454,AUS,WIE,5/31/2022,9/26/2022,7:35 PM,1:47 AM,Delta,388,5
5927,BHT,CPE,11/8/2022,1/28/2022,9:10 AM,10:41 PM,United,276,9
4206,FSN,WIU,11/6/2022,1/26/2022,11:32 AM,2:13 AM,United,480,18
9094,KBS,UKA,12/1/2022,1/30/2022,2:45 AM,11:57 PM,United,474,9
4305,BOS,DBS,2/19/2022,12/27/2022,6:32 AM,1:15 AM,American,180,24
1623,LYK,OUL,1/21/2022,10/29/2022,12:13 AM,7:00 PM,American,306,1
5683,PUR,MTF,12/7/2022,6/1/2022,9:44 AM,4:45 PM,American,154,3
3783,SVX,UTN,10/8/2022,9/9/2022,11:24 AM,4:49 AM,American,184,17
6140,AET,UAI,11/26/2022,12/22/2022,3:55 PM,10:33 AM,American,490,21
2955,TOJ,RPX,8/8/2022,5/11/2022,9:59 PM,7:37 AM,Delta,209,3
9244,LLW,AKY,5/10/2022,12/21/2022,12:49 AM,7:29 PM,American,197,1
4846,CPH,VCR,4/6/2022,2/22/2022,1:43 PM,10:19 AM,Delta,485,3
9307,WVK,EAU,6/11/2022,1/17/2022,12:16 PM,9:00 PM,Delta,422,14
979,TTI,DPG,12/27/2022,3/28/2022,7:49 PM,7:03 PM,American,495,23
473,FOR,LUU,1/23/2022,5/3/2022,9:17 PM,2:54 PM,Delta,267,22
5814,DLR,CVQ,5/2/2022,11/19/2022,2:48 PM,12:17 AM,United,307,4
5731,JFR,DKS,9/11/2022,11/11/2022,4:13 AM,6:31 AM,United,84,19
7834,KDN,YNO,3/7/2022,6/9/2022,9:42 AM,7:48 PM,American,238,2
9076,LNA,ARW,7/20/2022,3/30/2022,9:20 PM,10:49 AM,Delta,389,4
5491,GGL,LOV,2/21/2022,7/24/2022,11:49 AM,11:10 PM,United,348,7
4305,PCF,LSA,9/29/2022,10/9/2022,12:03 PM,5:41 PM,Delta,39,14
6826,ISW,WJF,8/19/2022,11/16/2022,1:03 PM,11:14 PM,American,252,8
8809,CIX,VNO,9/7/2022,12/24/2022,4:11 PM,7:44 AM,Delta,492,22
6427,BTC,HUW,11/29/2022,8/6/2022,9:49 AM,12:53 AM,United,275,17
9267,TEZ,MVQ,7/17/2022,12/22/2022,6:18 AM,9:52 PM,Delta,434,24
1575,LFB,DIQ,10/3/2022,4/18/2022,7:40 PM,8:10 AM,American,72,3
2931,UJE,YRR,5/22/2022,10/4/2022,4:14 PM,6:27 AM,United,13,3
6615,OKF,ZAO,8/8/2022,9/26/2022,4:07 AM,6:49 PM,United,491,11
7837,SKB,SJX,10/13/2022,6/11/2022,7:18 AM,10:20 AM,Delta,71,12
1122,YOC,KEB,9/19/2022,8/7/2022,2:08 AM,11:15 PM,Delta,44,3
7818,HLV,SMZ,7/31/2022,4/1/2022,3:22 PM,12:59 AM,Delta,224,15
9419,TTG,TCZ,3/6/2022,7/9/2022,11:18 AM,8:27 PM,Delta,142,16
9775,PVW,MVS,2/5/2022,11/12/2022,7:50 PM,7:36 PM,American,444,16
7676,MZP,NEG,7/19/2022,4/6/2022,3:53 PM,5:51 AM,Delta,40,9
5613,ORO,BAB,2/9/2022,9/1/2022,5:41 PM,11:39 AM,Delta,389,6
596,RDU,TLY,1/26/2022,12/19/2022,5:30 PM,2:01 PM,United,268,15
8324,WMD,TOK,6/29/2022,6/24/2022,2:16 AM,8:18 AM,United,264,8
4091,BUY,ZFW,9/8/2022,1/8/2022,10:20 AM,8:09 PM,American,377,6
7387,SKE,ZJI,8/30/2022,12/29/2022,2:08 PM,7:22 AM,Delta,500,16
576,WBR,FRB,5/2/2022,11/11/2022,9:35 AM,8:29 AM,United,414,13
4842,DGA,WSG,4/14/2022,1/2/2022,10:30 PM,3:24 PM,American,215,10
3388,LGT,SHH,10/11/2022,9/1/2022,11:05 AM,1:28 AM,United,193,19
171,GAI,PGU,4/8/2022,8/28/2022,12:02 AM,9:05 AM,Delta,433,3
573,HUO,OIC,10/16/2022,11/22/2022,1:35 AM,5:49 PM,United,89,23
3325,SOZ,NJK,11/2/2022,4/8/2022,4:40 AM,6:05 PM,Delta,262,13
5331,SJI,GTW,12/12/2022,6/11/2022,7:01 AM,7:57 AM,United,178,12
2279,ECV,AGA,9/5/2022,7/9/2022,4:41 PM,1:12 PM,Delta,274,7
4614,EIN,OBL,6/20/2022,7/5/2022,12:11 AM,2:54 PM,American,208,22
6531,TCP,APR,6/14/2022,9/8/2022,12:44 PM,2:24 PM,Delta,370,7
8819,BLT,LUE,7/14/2022,9/12/2022,8:12 PM,11:44 PM,American,185,10
189,LMA,ICO,8/11/2022,8/19/2022,5:06 PM,6:22 PM,United,310,15
4350,FLF,TNP,7/19/2022,2/27/2022,6:13 PM,5:36 PM,United,50,22
1888,DJA,KCB,7/9/2022,7/15/2022,12:18 PM,2:02 PM,Delta,281,6
1147,PMF,PST,3/19/2022,2/12/2022,10:45 PM,6:38 AM,Delta,172,9
1524,HLP,SBH,1/20/2022,7/24/2022,10:53 AM,12:35 PM,Delta,108,24
4556,VMU,KTE,7/5/2022,6/18/2022,10:12 AM,1:01 PM,American,45,11
4238,BDT,NAN,12/1/2022,1/12/2022,12:58 PM,1:27 PM,United,297,10
5555,ZAM,OSM,7/30/2022,3/29/2022,5:31 PM,3:46 PM,Delta,78,15
741,CEV,MYL,7/31/2022,6/19/2022,10:45 PM,4:07 AM,Delta,370,3
7240,PAF,WRG,1/16/2022,3/7/2022,4:47 PM,7:49 AM,United,453,12
5332,CZH,NRM,6/8/2022,1/24/2022,2:38 PM,3:20 PM,United,320,2
1777,MQQ,LTR,12/11/2022,8/5/2022,8:40 AM,11:46 AM,United,184,9
9705,KKI,TRI,10/26/2022,4/19/2022,12:24 PM,11:07 AM,American,416,11
4105,SJD,VEX,10/12/2022,3/31/2022,12:36 PM,8:15 AM,United,462,13
3685,SQS,MQL,2/28/2022,6/8/2022,9:25 PM,8:55 PM,Delta,244,7
6986,FOM,YCG,11/10/2022,11/15/2022,5:22 AM,6:15 PM,Delta,413,20
8023,AWZ,HLB,10/13/2022,10/6/2022,11:28 PM,5:37 AM,United,343,4
7852,GUR,WNA,10/11/2022,8/19/2022,1:51 AM,6:34 PM,American,227,24
9584,CIN,TDW,12/22/2022,11/30/2022,10:34 PM,6:48 PM,Delta,257,8
2140,PLB,JKL,11/11/2022,3/3/2022,8:30 PM,9:52 PM,American,166,7
4607,MZB,YXR,5/21/2022,1/24/2022,2:51 AM,8:56 AM,American,348,23
5827,ORW,PWK,9/22/2022,11/20/2022,5:04 AM,12:56 AM,Delta,158,5
4046,DHI,MSU,9/7/2022,11/1/2022,7:57 AM,4:34 AM,United,337,18
9206,SBG,RAW,12/24/2022,11/19/2022,10:59 PM,3:27 AM,American,48,14
856,MOT,ABX,11/3/2022,5/6/2022,12:21 PM,4:07 PM,Delta,337,18
9898,PUZ,AUP,10/15/2022,6/22/2022,9:58 PM,1:24 PM,Delta,488,15
7040,TDB,YCU,4/29/2022,5/9/2022,1:37 PM,2:04 PM,Delta,251,7
410,XNG,ERH,3/11/2022,7/19/2022,11:23 AM,2:07 AM,Delta,243,10
3850,QLF,0,4/2/2022,2/18/2022,12:02 AM,12:42 AM,American,248,17
1288,SSP,SLU,10/5/2022,1/1/2022,4:41 PM,4:35 PM,American,230,2
6535,GNI,YDN,8/7/2022,1/15/2022,8:22 PM,4:00 AM,Delta,340,19
2324,DNK,HGA,12/26/2022,10/27/2022,2:08 PM,8:26 AM,American,88,17
8823,GMP,ONQ,4/25/2022,8/2/2022,3:58 PM,11:03 PM,United,206,8
3154,0,JHQ,2/9/2022,1/19/2022,9:05 AM,2:37 PM,Delta,169,11
6065,ZAL,WCR,5/24/2022,4/28/2022,11:41 AM,5:48 PM,United,303,9
4948,AJI,ATA,7/13/2022,6/21/2022,3:57 AM,4:34 AM,United,170,23
5145,HOR,YDQ,2/1/2022,4/11/2022,9:00 PM,6:46 PM,Delta,100,6
2784,LUT,LYU,9/19/2022,3/12/2022,7:32 PM,1:27 AM,American,298,5
6033,WLP,SAK,8/25/2022,3/30/2022,5:08 AM,11:34 AM,United,132,8
1197,BQH,QMH,1/30/2022,8/9/2022,11:51 AM,12:35 AM,Delta,242,12
5090,GTE,IVL,7/1/2022,6/10/2022,1:15 AM,11:03 AM,American,148,12
9336,BMW,TNX,9/18/2022,12/10/2022,8:44 AM,11:27 AM,Delta,248,11
1872,TKN,GCV,10/31/2022,10/28/2022,10:37 PM,11:54 PM,United,19,19
381,TCY,LXN,3/1/2022,2/27/2022,12:37 AM,11:13 AM,American,374,18
7037,HID,YXR,1/24/2022,12/17/2022,2:27 AM,1:09 PM,Delta,418,10
3477,KUL,RSH,5/1/2022,8/12/2022,2:32 PM,9:29 PM,Delta,336,11
4252,RAZ,IBA,5/13/2022,4/13/2022,12:28 AM,6:12 AM,Delta,132,10
7924,NGZ,KSC,5/28/2022,10/1/2022,2:56 AM,9:46 PM,American,266,7
4603,YSP,BSB,9/20/2022,6/22/2022,12:29 PM,4:35 PM,Delta,291,10
9290,ODD,CBM,8/16/2022,1/26/2022,12:42 PM,4:42 AM,Delta,375,8
1667,JLN,FKN,1/18/2022,7/8/2022,12:20 AM,8:58 AM,American,116,17
5873,ITU,VCP,5/19/2022,3/21/2022,2:01 PM,11:46 AM,American,470,10
8684,RVR,WET,2/14/2022,11/10/2022,6:08 AM,1:56 AM,American,170,1
2864,ZJI,VLC,4/23/2022,2/7/2022,2:33 PM,9:48 AM,Delta,444,11
3548,DIN,LSV,3/28/2022,9/28/2022,6:43 PM,4:37 PM,Delta,197,18
3195,NBE,MHG,6/15/2022,4/1/2022,9:54 PM,4:43 PM,Delta,52,8
4107,NPP,BLU,12/2/2022,10/23/2022,12:44 PM,10:54 AM,United,303,3
3952,GND,WKA,8/23/2022,3/7/2022,10:06 AM,7:52 AM,United,433,14
8993,MZA,TFB,11/19/2022,5/17/2022,1:35 PM,9:46 PM,United,359,4
3568,EVM,MSS,4/6/2022,11/17/2022,6:34 PM,6:44 AM,United,325,22
5128,CAB,YRS,9/6/2022,4/25/2022,11:37 PM,2:12 PM,United,334,16
1853,MHH,RPR,9/7/2022,3/7/2022,5:25 AM,8:16 PM,United,11,12
2732,OIA,MBB,10/24/2022,9/21/2022,4:26 AM,5:41 AM,American,99,20
3709,UVL,TUB,1/6/2022,9/9/2022,9:51 AM,2:04 AM,American,310,14
9966,TQS,SMA,3/26/2022,4/25/2022,7:51 AM,9:16 PM,American,70,4
9183,HPH,IOR,3/10/2022,8/28/2022,9:00 PM,6:15 AM,American,351,22
3343,GOL,LZY,5/10/2022,9/9/2022,11:40 PM,8:52 PM,United,287,3
7684,ANJ,YLD,11/22/2022,2/7/2022,10:48 PM,5:13 AM,Delta,347,10
